target	level	topic	ruby	spanish	note
手袋	N5	vida_diaria	[手袋|てぶくろ]はコートの[右|みぎ]のポケットにあります。	Los guantes están en el bolsillo derecho del abrigo.	右のポケット identifica el bolsillo derecho; 手袋 puede designar el par.
靴下	N5	compras	[黒|くろ]い[靴下|くつした]を[二足|にそく]と、[白|しろ]い[靴下|くつした]を[一足|いっそく]ください。	Quiero dos pares de calcetines negros y un par de calcetines blancos, por favor.	足 cuenta pares de calcetines o zapatos; 一足 se lee いっそく.
石鹸	N4	vida_diaria	ホテルの[石鹸|せっけん]は[小|ちい]さくて、いい[匂|にお]いがします。	El jabón del hotel es pequeño y huele bien.	いい匂いがする expresa que algo desprende un olor agradable.
歯ブラシ	N5	vida_diaria	[旅行|りょこう]のかばんに、[歯|は]ブラシを[入|い]れましたか。	¿Has metido el cepillo de dientes en la bolsa de viaje?	歯ブラシ es el cepillo; 歯磨き puede referirse al cepillado o al dentífrico según el contexto.
タオル	N5	vida_diaria	お[風呂|ふろ]のタオルは[青|あお]くて、[台所|だいどころ]のタオルは[黄色|きいろ]いです。	La toalla del baño es azul y el paño de la cocina es amarillo.	タオル puede traducirse como toalla o paño según su uso.
引き出し	N4	vida_diaria	[予備|よび]の[鍵|かぎ]は、[机|つくえ]の[一番|いちばん][上|うえ]の[引|ひ]き[出|だ]しにあります。	La llave de repuesto está en el cajón de arriba del escritorio.	一番上 especifica el cajón situado más arriba; 予備 significa de repuesto.
天井	N4	vida_diaria	[天井|てんじょう]のライトを[掃除|そうじ]したいのですが、[手|て]が[届|とど]きません。	Quiero limpiar la lámpara del techo, pero no llego con la mano.	手が届く significa alcanzar algo con la mano; no es recibir un envío.
床	N4	vida_diaria	[床|ゆか]が[濡|ぬ]れていますから、ここを[歩|ある]かないでください。	El suelo está mojado; no camines por aquí, por favor.	濡れています describe el estado húmedo del suelo.
毛布	N5	servicios	[今夜|こんや]は[寒|さむ]いので、[毛布|もうふ]をもう[一枚|いちまい][借|か]りたいです。	Esta noche hace frío, así que quisiera que me prestaran una manta más.	もう一枚 significa una más; 枚 cuenta objetos planos como mantas.
布団	N4	vida_diaria	よく[晴|は]れているので、ベランダに[布団|ふとん]を[干|ほ]しました。	Como hace muy buen tiempo, he sacado el futón al balcón para airearlo al sol.	布団を干す es sacar el futón a airear o secar; no implica que estuviera recién lavado.
電子レンジ	N4	comida	[冷|つめ]たくなったご[飯|はん]を、[電子|でんし]レンジで[温|あたた]めました。	He calentado en el microondas el arroz que se había enfriado.	温める es transitivo: alguien calienta la comida.
洗濯機	N4	vida_diaria	[洗濯機|せんたくき]から[変|へん]な[音|おと]がしたので、すぐに[止|と]めました。	La lavadora hizo un ruido extraño, así que la paré enseguida.	音がする significa oírse o producirse un sonido.
炊飯器	N4	vida_diaria	[朝|あさ][七時|しちじ]にご[飯|はん]が[炊|た]けるように、[炊飯器|すいはんき]をセットしました。	He programado la arrocera para que el arroz esté listo a las siete de la mañana.	炊ける señala que el arroz termina de cocinarse; ように expresa el resultado buscado.
濡れる	N4	vida_diaria	[傘|かさ]は[持|も]っていましたが、[風|かぜ]が[強|つよ]くてかばんまで[濡|ぬ]れました。	Llevaba paraguas, pero hacía tanto viento que hasta se me mojó la bolsa.	まで destaca que la bolsa también acabó mojada pese al paraguas.
畳む	N4	vida_diaria	[乾|かわ]いたシャツを[畳|たた]んでから、[引|ひ]き[出|だ]しにしまいました。	He doblado las camisas secas y después las he guardado en el cajón.	畳む significa doblar ropa; しまう significa guardarla en este uso.
片付ける	N4	vida_diaria	[友達|ともだち]が[来|く]る[前|まえ]に、テーブルの[上|うえ]を[片付|かたづ]けておきます。	Voy a despejar la mesa antes de que vengan mis amigos.	片付ける implica ordenar o retirar cosas; no exige limpiar con agua.
包む	N4	vida_diaria	コップが[割|わ]れないように、[新聞紙|しんぶんし]で[一|ひと]つずつ[包|つつ]みました。	He envuelto los vasos uno por uno en papel de periódico para que no se rompan.	一つずつ expresa distribución individual; ように introduce la finalidad preventiva.
ほどく	N3	vida_diaria	[箱|はこ]のひもをほどこうとしましたが、[結|むす]び[目|め]が[固|かた]くてほどけませんでした。	Intenté desatar el cordel de la caja, pero el nudo estaba tan apretado que no pude.	ほどく es desatar; ほどけません expresa que no se pudo deshacer el nudo.
滑る	N4	transporte	[道|みち]が[凍|こお]っていて[滑|すべ]りやすいので、[駅|えき]までゆっくり[歩|ある]きました。	El camino estaba helado y era fácil resbalar, así que caminé despacio hasta la estación.	La raíz verbal seguida de やすい expresa facilidad o propensión a una acción.
ぶつかる	N4	vida_diaria	[大|おお]きな[箱|はこ]を[運|はこ]んでいて、ドアにぶつかってしまいました。	Mientras transportaba una caja grande, choqué con la puerta sin querer.	に señala contra qué se choca; てしまう expresa el resultado involuntario.
震える	N3	trabajo	[初|はじ]めて[大勢|おおぜい]の[前|まえ]で[話|はな]したとき、[緊張|きんちょう]で[手|て]が[震|ふる]えました。	La primera vez que hablé ante mucha gente, me temblaron las manos de los nervios.	で marca la causa del temblor: la tensión, no el frío.
焦る	N3	educacion	[試験|しけん]の[残|のこ]り[時間|じかん]を[見|み]て[焦|あせ]りましたが、まず[名前|なまえ]を[確認|かくにん]しました。	Me agobié al ver cuánto tiempo quedaba de examen, pero primero comprobé que había puesto mi nombre.	焦る expresa perder la calma por la presión o la prisa.
慌てる	N3	vida_diaria	[財布|さいふ]がないと[思|おも]って[慌|あわ]てましたが、コートのポケットに[入|はい]っていました。	Me alarmé al pensar que no tenía la cartera, pero estaba en el bolsillo del abrigo.	慌てる expresa una reacción precipitada de alarma; el final aclara que la cartera no se había perdido.
諦める	N4	ocio	[足|あし]をけがしたので、[今年|ことし]のマラソンは[諦|あきら]めました。	Como me lesioné la pierna, renuncié a participar en el maratón de este año.	諦める es desistir o renunciar; no significa olvidar que existe la carrera.
励ます	N3	educacion	[試験|しけん]に[落|お]ちた[友人|ゆうじん]を、[次|つぎ]はきっと[大丈夫|だいじょうぶ]だと[励|はげ]ましました。	Animé a un amigo que había suspendido el examen diciéndole que la próxima vez seguro que le iría bien.	励ます significa dar ánimos; と introduce las palabras de apoyo.
叱る	N4	vida_diaria	[道路|どうろ]へ[飛|と]び[出|だ]した[子供|こども]を、[母親|ははおや]が[厳|きび]しく[叱|しか]りました。	La madre regañó con severidad al niño que había salido corriendo a la calzada.	叱る es regañar por una conducta; no equivale simplemente a estar enfadado.
謝る	N3	trabajo	[同僚|どうりょう]の[書類|しょるい]にコーヒーをこぼしてしまい、すぐに[謝|あやま]りました。	Derramé café sobre los documentos de un compañero y me disculpé enseguida.	謝る significa disculparse; てしまう indica el accidente lamentado.
届ける	N4	trabajo	[姉|あね]が[忘|わす]れたお[弁当|べんとう]を、[会社|かいしゃ]まで[届|とど]けました。	Llevé a la oficina el almuerzo que mi hermana mayor se había olvidado.	届ける es llevar o hacer llegar algo a su destino; 届く expresa que llega.
取り替える	N4	vida_diaria	リモコンが[動|うご]かなかったので、[電池|でんち]を[新|あたら]しいものに[取|と]り[替|か]えました。	Como el mando a distancia no funcionaba, cambié las pilas por unas nuevas.	AをBに取り替える expresa sustituir A por B.
取り消す	N3	servicios	[同|おな]じホテルを[二重|にじゅう]に[予約|よやく]していたので、[一方|いっぽう]を[取|と]り[消|け]しました。	Había reservado dos veces el mismo hotel, así que cancelé una de las reservas.	二重に significa por duplicado; 一方 se refiere a una de las dos reservas.
延ばす	N3	ocio	[島|しま]が[気|き]に[入|い]ったので、[滞在|たいざい]を[二日|ふつか][延|の]ばしました。	Como me gustó la isla, alargué mi estancia dos días.	延ばす alarga la duración de la estancia; no aplaza aquí su inicio.
ずらす	N3	trabajo	[昼休|ひるやす]みと[重|かさ]ならないように、[会議|かいぎ]を[一時間|いちじかん][後|うし]ろにずらしました。	He retrasado la reunión una hora para que no coincida con la pausa del almuerzo.	後ろにずらす desplaza el horario hacia más tarde.
重なる	N3	ocio	[友人|ゆうじん]の[結婚式|けっこんしき]と[出張|しゅっちょう]が[重|かさ]なって、[式|しき]に[出席|しゅっせき]できません。	La boda de un amigo coincide con un viaje de trabajo y no puedo asistir a la ceremonia.	重なる indica coincidencia de fechas, no semejanza entre los actos.
余る	N4	comida	ご[飯|はん]が[余|あま]ったら、[小|ちい]さな[容器|ようき]に[分|わ]けて[冷凍|れいとう]します。	Si sobra arroz, lo reparto en recipientes pequeños y lo congelo.	余る es sobrar una vez cubierto lo necesario.
冷ます	N4	comida	スープが[熱|あつ]すぎるので、[少|すこ]し[冷|さ]ましてから[飲|の]みます。	La sopa está demasiado caliente, así que la tomaré después de dejarla enfriar un poco.	冷ます es dejar o hacer enfriar; 冷める describe que algo se enfría.
沸かす	N4	comida	お[茶|ちゃ]を[入|い]れるために、やかんでお[湯|ゆ]を[沸|わ]かしています。	Estoy hirviendo agua en la tetera para preparar té.	お湯を沸かす es una expresión habitual para hervir agua.
蒸す	N3	comida	この[魚|さかな]は[焼|や]かずに、[野菜|やさい]と[一緒|いっしょ]に[蒸|む]します。	Este pescado lo cocinaré al vapor con verduras, en lugar de asarlo.	焼かずに expresa sin asarlo; 蒸す es cocinar al vapor.
揚げる	N3	comida	[揚|あ]げたばかりのコロッケは、[外|そと]がカリッとしていておいしいです。	Las croquetas recién fritas están crujientes por fuera y muy ricas.	揚げる es freír en aceite; たばかり señala que se acaba de terminar.
混ぜる	N4	comida	[卵|たまご]と[牛乳|ぎゅうにゅう]を[混|ま]ぜてから、[小麦粉|こむぎこ]を[少|すこ]しずつ[加|くわ]えます。	Después de mezclar los huevos y la leche, añadimos la harina poco a poco.	少しずつ indica una incorporación gradual, no toda la harina de golpe.
量る	N3	transporte	[空港|くうこう]へ[行|い]く[前|まえ]に、スーツケースの[重|おも]さを[量|はか]りました。	He pesado la maleta antes de ir al aeropuerto.	量る se usa aquí para medir el peso; 重さを量る equivale a pesar.
刻む	N3	comida	[玉|たま]ねぎを[細|こま]かく[刻|きざ]んで、ひき[肉|にく]に[混|ま]ぜてください。	Pica fina la cebolla y mézclala con la carne picada, por favor.	刻む es cortar en trozos pequeños; 細かく precisa el tamaño.
剥く	N3	comida	[梨|なし]の[皮|かわ]を[剥|む]いてから、[四|よっ]つに[切|き]りました。	He pelado la pera y después la he cortado en cuatro trozos.	皮を剥く significa pelar; la lectura de 剥く en este uso es むく.
味見	N4	comida	[塩|しお]を[足|た]す[前|まえ]に、[一度|いちど][味見|あじみ]をしてください。	Prueba la comida antes de añadir más sal, por favor.	味見 es probar para comprobar el sabor, no comer una ración entera.
胡椒	N4	comida	このスープには、[胡椒|こしょう]を[少|すこ]し[入|い]れると[香|かお]りがよくなります。	Si le añades un poco de pimienta a esta sopa, mejora su aroma.	胡椒 significa pimienta; no debe confundirse con 故障, avería, de igual lectura.
小麦粉	N4	comida	[小麦粉|こむぎこ]を[切|き]らしているので、ケーキを[作|つく]る[前|まえ]に[買|か]いに[行|い]きます。	Se me ha acabado la harina, así que iré a comprarla antes de hacer el pastel.	を切らしている significa haberse quedado sin existencias de algo.
豆腐	N5	comida	[豆腐|とうふ]は[冷蔵庫|れいぞうこ]の[一番|いちばん][下|した]に[入|はい]っています。	El tofu está en la parte de abajo del frigorífico.	入っています describe que está guardado dentro, no que se esté introduciendo ahora.
大根	N4	comida	サラダに[使|つか]う[大根|だいこん]は、できるだけ[薄|うす]く[切|き]ってください。	Corta el rábano daikon para la ensalada lo más fino posible, por favor.	大根 es el rábano blanco japonés; 薄く se refiere al grosor del corte.
人参	N5	comida	[人参|にんじん]を[一本|いっぽん]、[細|ほそ]く[切|き]ってください。	Corta una zanahoria en tiras finas, por favor.	細く indica tiras estrechas; no equivale a 薄く, en láminas finas.
きゅうり	N5	comida	きゅうりを[三本|さんぼん][買|か]って、[一本|いっぽん]はサラダに[使|つか]いました。	Compré tres pepinos y utilicé uno para la ensalada.	本 cuenta objetos alargados; 三本 y 一本 cambian de lectura: さんぼん e いっぽん.
キャベツ	N4	comida	キャベツを[切|き]りすぎたので、[残|のこ]りは[明日|あした]のスープに[使|つか]います。	He cortado demasiada col, así que usaré lo que sobra en la sopa de mañana.	切りすぎる expresa exceso de cantidad cortada, no que el corte sea demasiado fino.
じゃがいも	N5	compras	じゃがいもは[一袋|ひとふくろ]に[五|いつ]つ[入|はい]っています。	Cada bolsa contiene cinco patatas.	一袋 se lee ひとふくろ; 五つ cuenta cinco unidades sin un contador específico.
きのこ	N3	comida	[肉|にく]の[代|か]わりにきのこを[使|つか]って、パスタを[作|つく]りました。	He preparado pasta usando setas en lugar de carne.	の代わりに expresa una sustitución; no dice que se añadieran ambas cosas.
桃	N4	comida	この[桃|もも]は[柔|やわ]らかいので、[強|つよ]く[押|お]さないでください。	Este melocotón está blando; no lo aprietes con fuerza, por favor.	押す significa presionar; el aviso se refiere a la fruta delicada.
葡萄	N5	compras	[市場|いちば]で[買|か]った[葡萄|ぶどう]は、[甘|あま]くておいしかったです。	Las uvas que compré en el mercado estaban dulces y ricas.	葡萄 se lee ぶどう; en este contexto 市場 se lee いちば, mercado físico.
苺	N4	comida	ケーキの[上|うえ]に、[苺|いちご]が[六|むっ]つ[並|なら]んでいます。	Sobre el pastel hay seis fresas colocadas en fila.	並んでいる describe la disposición ordenada de las fresas.
湯気	N3	comida	[鍋|なべ]のふたを[開|あ]けたら、[湯気|ゆげ]で[眼鏡|めがね]が[曇|くも]りました。	Al levantar la tapa de la olla, se me empañaron las gafas con el vapor.	湯気 es vapor de agua; 曇る se refiere aquí al vaho sobre las gafas.
匂い	N4	comida	[焦|こ]げた[匂|にお]いがしたので、[慌|あわ]ててオーブンを[開|あ]けました。	Olía a quemado, así que abrí el horno precipitadamente.	匂いがする expresa percibir un olor; 焦げた especifica olor a quemado.
苦い	N5	comida	このコーヒーは[苦|にが]いので、[砂糖|さとう]を[少|すこ]し[入|い]れます。	Este café está amargo, así que le voy a poner un poco de azúcar.	苦い describe el sabor amargo; no significa que esté fuerte por sí solo.
酸っぱい	N5	comida	このみかんは[甘|あま]くなくて、[少|すこ]し[酸|す]っぱいです。	Esta mandarina no está dulce; está un poco ácida.	酸っぱい expresa sabor ácido o agrio.
濃い	N4	comida	スープの[味|あじ]が[濃|こ]すぎたので、お[湯|ゆ]を[足|た]して[薄|うす]めました。	La sopa tenía un sabor demasiado concentrado, así que añadí agua caliente para rebajarla.	濃い y 薄める se refieren a la concentración; no obligan a interpretar que hubiera demasiada sal.
柔らかい	N4	comida	[昨日|きのう][焼|や]いたパンなのに、まだ[柔|やわ]らかくておいしいです。	Aunque es pan que horneé ayer, todavía está tierno y rico.	なのに introduce un resultado contrario a lo esperado.
ぬるい	N4	comida	お[茶|ちゃ]がぬるくなってしまったので、[熱|あつ]いものを[入|い]れ[直|なお]しました。	El té se había quedado tibio, así que preparé otro caliente.	ぬるい es tibio, no frío; 入れ直す significa volver a prepararlo.
領収書	N4	trabajo	[会社|かいしゃ]に[出|だ]すので、[領収書|りょうしゅうしょ]に[会社|かいしゃ]の[名前|なまえ]を[書|か]いてください。	Es para entregarlo en la empresa; pon el recibo a nombre de la empresa, por favor.	領収書 es un justificante de pago; aquí se solicita que figure el nombre de la empresa.
お釣り	N5	compras	[千円|せんえん][払|はら]って、お[釣|つ]りを[二百円|にひゃくえん]もらいました。	Pagué mil yenes y me dieron doscientos yenes de cambio.	お釣り es la diferencia que se devuelve al pagar más que el precio.
小銭	N4	servicios	コインランドリーで[使|つか]う[小銭|こぜに]がないので、[先|さき]に[両替|りょうがえ]します。	No tengo monedas para la lavandería automática, así que primero voy a cambiar dinero.	小銭 significa monedas o dinero suelto; aquí 両替 es obtener cambio, no otra divisa.
改札	N4	transporte	[駅|えき]の[改札|かいさつ]を[出|で]たところで[待|ま]っています。ホームにはいません。	Te espero justo al salir de los tornos de la estación. No estoy en el andén.	改札 designa el control de acceso; el contexto sitúa a la persona fuera de los tornos.
片道	N4	transporte	[帰|かえ]りは[友人|ゆうじん]の[車|くるま]に[乗|の]るので、[片道|かたみち]の[切符|きっぷ]だけ[買|か]いました。	Como volveré en el coche de un amigo, sólo compré un billete de ida.	片道 es un solo trayecto; 往復 sería ida y vuelta.
往復	N4	transporte	[空港|くうこう]までバスで[往復|おうふく]すると、[全部|ぜんぶ]で[三千円|さんぜんえん]かかります。	Ir y volver al aeropuerto en autobús cuesta tres mil yenes en total.	往復 incluye ambos trayectos; el precio indicado es el total.
終電	N4	transporte	[話|はなし]に[夢中|むちゅう]になって[終電|しゅうでん]を[逃|のが]し、タクシーで[帰|かえ]りました。	Me entretuve tanto conversando que perdí el último tren y volví en taxi.	終電 es el último tren del día; 逃す significa perder la oportunidad de tomarlo.
始発	N4	transporte	[朝|あさ][早|はや]く[海|うみ]に[着|つ]きたいので、[始発|しはつ]に[乗|の]るつもりです。	Quiero llegar al mar temprano, así que pienso tomar el primer tren del día.	始発 puede referirse a una salida inicial; aquí el contexto temporal indica el primero del día.
優先席	N3	transporte	[優先席|ゆうせんせき]に[座|すわ]っていましたが、[杖|つえ]をついた[方|かた]に[席|せき]を[譲|ゆず]りました。	Estaba sentado en un asiento prioritario, pero se lo cedí a una persona que iba con bastón.	席を譲る es ceder el asiento; 方 es una forma respetuosa de referirse a una persona.
宅配便	N4	servicios	[手作|てづく]りのジャムを[箱|はこ]に[詰|つ]めて、[宅配便|たくはいびん]で[両親|りょうしん]に[送|おく]りました。	Metí la mermelada casera en una caja y se la envié a mis padres por mensajería.	宅配便 es el servicio de entrega de paquetes a domicilio.
不在	N3	servicios	[午後|ごご]は[不在|ふざい]にするので、[荷物|にもつ]は[午前中|ごぜんちゅう]に[届|とど]けてもらえますか。	Por la tarde no estaré en casa; ¿podrían entregarme el paquete por la mañana?	不在にする indica ausentarse del lugar donde se espera la entrega.
再配達	N3	servicios	[荷物|にもつ]を[受|う]け[取|と]れなかったので、[明日|あした]の[夜|よる]の[再配達|さいはいたつ]を[頼|たの]みました。	No pude recibir el paquete, así que pedí que lo volvieran a entregar mañana por la noche.	再配達 es un nuevo intento de entrega del mismo envío.
受取人	N3	servicios	[受取人|うけとりにん]の[名前|なまえ]が[違|ちが]っていたため、[荷物|にもつ]を[渡|わた]してもらえませんでした。	Como el nombre del destinatario era incorrecto, no me entregaron el paquete.	受取人 es quien recibe; no debe confundirse con 差出人, quien envía.
差出人	N3	servicios	[封筒|ふうとう]に[差出人|さしだしにん]の[名前|なまえ]がなく、[誰|だれ]からの[手紙|てがみ]か[分|わ]かりませんでした。	El sobre no llevaba el nombre del remitente y no sabía de quién era la carta.	差出人 es la persona que envía la carta.
郵便番号	N4	servicios	[郵便番号|ゆうびんばんごう]を[入力|にゅうりょく]すると、[住所|じゅうしょ]の[一部|いちぶ]が[自動|じどう]で[表示|ひょうじ]されます。	Al introducir el código postal, aparece automáticamente parte de la dirección.	一部 significa sólo una parte; no se completa necesariamente toda la dirección.
宛先	N3	tecnologia	メールの[宛先|あてさき]を[間違|まちが]えて、[別|べつ]の[人|ひと]に[送|おく]ってしまいました。	Me equivoqué de destinatario al enviar el correo y se lo mandé a otra persona.	宛先 señala a quién o a qué dirección va destinado el mensaje.
封筒	N5	servicios	[写真|しゃしん]と[手紙|てがみ]を、[同|おな]じ[封筒|ふうとう]に[入|い]れました。	He metido la foto y la carta en el mismo sobre.	同じ封筒 indica un único sobre compartido por ambos objetos.
印鑑	N3	servicios	この[手続|てつづ]きには[印鑑|いんかん]が[必要|ひつよう]ですか。それとも[署名|しょめい]だけでいいですか。	¿Para este trámite hace falta un sello personal o basta con la firma?	印鑑 es un sello personal; la pregunta no presupone que todos los trámites lo exijan.
申込書	N3	servicios	[申込書|もうしこみしょ]の[電話番号|でんわばんごう]が[読|よ]みにくいので、[書|か]き[直|なお]してください。	El número de teléfono de la solicitud cuesta leerlo; escríbelo de nuevo, por favor.	申込書 es el formulario de solicitud; にくい expresa dificultad para leer.
締め切り	N3	educacion	レポートの[締|し]め[切|き]りは[明日|あした]ですが、まだ[半分|はんぶん]しか[書|か]けていません。	El plazo para entregar el informe termina mañana, pero sólo he conseguido escribir la mitad.	しか＋negativo limita la cantidad; 締め切り es la fecha o el momento límite.
解約	N3	servicios	[引|ひ]っ[越|こ]すので、[今月|こんげつ][末|まつ]でインターネットの[契約|けいやく]を[解約|かいやく]したいです。	Como me voy a mudar, quiero dar de baja el contrato de internet a finales de este mes.	解約 significa terminar un contrato; no es simplemente desconectar el router.
手数料	N3	servicios	この[銀行|ぎんこう]では、[窓口|まどぐち]で[送金|そうきん]すると[手数料|てすうりょう]がかかります。	En este banco se cobra una comisión si envías dinero desde la ventanilla.	手数料 es una comisión por el servicio; la frase se limita a este banco.
品切れ	N3	compras	[欲|ほ]しかった[色|いろ]は[品切|しなぎ]れだったので、[何|なに]も[買|か]わずに[店|みせ]を[出|で]ました。	El color que quería estaba agotado, así que salí de la tienda sin comprar nada.	品切れ significa que no quedan existencias; no que el producto sea defectuoso.
取り寄せ	N3	compras	この[本|ほん]は[店|みせ]にないので、[取|と]り[寄|よ]せをお[願|ねが]いできますか。	Como no tienen este libro en la tienda, ¿podrían pedirlo para mí?	取り寄せ es encargar que traigan un producto desde otro lugar.
空席	N4	transporte	[次|つぎ]の[列車|れっしゃ]に[空席|くうせき]があるか、[窓口|まどぐち]で[聞|き]いてみます。	Voy a preguntar en la ventanilla si quedan asientos libres en el próximo tren.	空席 es un asiento disponible; てみる indica intentar la consulta.
禁煙	N4	servicios	この[喫茶店|きっさてん]は、テラスも[含|ふく]めて[全席|ぜんせき][禁煙|きんえん]です。	En esta cafetería está prohibido fumar en todos los asientos, incluida la terraza.	禁煙 indica la prohibición de fumar; 含めて incluye expresamente la terraza.
迷子	N4	compras	[店内|てんない]で[迷子|まいご]になった[子供|こども]を、[案内所|あんないじょ]へ[連|つ]れていきました。	Llevé al punto de información a un niño que se había perdido dentro de la tienda.	迷子になる se usa para alguien que no encuentra a sus acompañantes o su camino.
落とし物	N4	transporte	[駅|えき]で[鍵|かぎ]をなくしたので、[落|お]とし[物|もの]が[届|とど]いていないか[尋|たず]ねました。	Perdí las llaves en la estación y pregunté si alguien las había entregado como objeto perdido.	落とし物が届く significa que un objeto perdido ha sido entregado al servicio correspondiente.
避難	N3	educacion	[訓練|くんれん]では、[先生|せんせい]の[指示|しじ]に[従|したが]って[校庭|こうてい]へ[避難|ひなん]しました。	Durante el simulacro, evacuamos al patio del colegio siguiendo las instrucciones del profesor.	避難 es ponerse a salvo; 訓練 aclara que se trata de un simulacro.
停電	N3	vida_diaria	[停電|ていでん]で[部屋|へや]が[真|ま]っ[暗|くら]になり、[懐中電灯|かいちゅうでんとう]を[探|さが]しました。	Un corte de luz dejó la habitación a oscuras y busqué una linterna.	停電 es la interrupción del suministro eléctrico.
断水	N3	vida_diaria	[明日|あした]は[工事|こうじ]で[断水|だんすい]するため、[飲|の]み[水|みず]を[用意|ようい]しておきました。	Mañana cortarán el agua por unas obras, así que he dejado preparada agua para beber.	断水 es un corte del suministro de agua; ておく marca preparación anticipada.
湿気	N3	vida_diaria	[押|お]し[入|い]れに[湿気|しっけ]がこもるので、ときどき[戸|と]を[開|あ]けています。	Como se acumula humedad en el armario, de vez en cuando dejo las puertas abiertas.	湿気がこもる indica que la humedad queda retenida en un espacio cerrado.
蚊	N4	vida_diaria	[窓|まど]を[開|あ]けていたら、[蚊|か]が[何匹|なんびき]も[入|はい]ってきました。	Mientras tenía la ventana abierta, entraron varios mosquitos.	何匹も expresa varios o muchos insectos; no pregunta cuántos.
くしゃみ	N4	vida_diaria	[古|ふる]い[本|ほん]のほこりを[払|はら]ったら、くしゃみが[出|で]ました。	Al quitarle el polvo a un libro viejo, estornudé.	くしゃみが出る es la expresión para que salga un estornudo.
喉	N4	vida_diaria	[長|なが]く[話|はな]して[喉|のど]が[乾|かわ]いたので、[水|みず]を[一杯|いっぱい][飲|の]みました。	Después de hablar mucho se me secó la garganta y bebí un vaso de agua.	喉が乾く suele expresar tener sed; aquí se conserva también la sequedad por hablar.
寝坊	N4	vida_diaria	[今朝|けさ]は[寝坊|ねぼう]して、[朝|あさ]ご[飯|はん]を[食|た]べる[時間|じかん]がありませんでした。	Esta mañana me quedé dormido y no tuve tiempo de desayunar.	寝坊する es levantarse más tarde de lo previsto, no simplemente dormir profundamente.
添付	N3	tecnologia	[説明|せつめい]だけでは[伝|つた]わりにくいので、メールに[図|ず]を[添付|てんぷ]しました。	Como era difícil hacerse entender sólo con la explicación, adjunté un esquema al correo.	添付する es añadir un archivo adjunto; 図 puede ser un esquema o diagrama.
暗証番号	N3	servicios	[暗証番号|あんしょうばんごう]を[忘|わす]れてしまい、[現金|げんきん]を[引|ひ]き[出|だ]せませんでした。	Se me olvidó el PIN y no pude sacar dinero en efectivo.	暗証番号 es un código numérico de identificación; aquí permite retirar efectivo.
