id_candidata,estado,nivel_revisado,japones,espanol,motivo,vocabulario_y_contextos_previos,ejemplo_mas_proximo
N5:2051,descartada,N5,それは食べるものではありません。,Eso no es para comer.,Vocabulario central muy repetido o variante de un contexto ya suficientemente representado; escasa aportación adicional.,"{""ある"": 381, ""それ"": 73, ""食べる"": 129}",それは私の任務ではありません。
N5:2052,descartada,N5,山田さんは来ませんでしたが、店は開いていました。,"Yamada-san no vino, pero la tienda estaba abierta.",Vocabulario central muy repetido o variante de un contexto ya suficientemente representado; escasa aportación adicional.,"{""店"": 127, ""来る"": 59, ""開く"": 11}",山田さんは今日もノートをくれませんでした。
N5:2053,descartada,N5,バスに乗るときです。,Es al subir al autobús.,Fragmento sin contexto: «Es al subir al autobús».,"{""バス"": 87, ""乗る"": 24}",バスに乗りましょうか。
N5:2054,descartada,N5,案内してくれてありがとうございます。,Gracias por guiarme.,Vocabulario central muy repetido o variante de un contexto ya suficientemente representado; escasa aportación adicional.,"{""する"": 871, ""案内"": 14}",特別な森を案内してくれてありがとう。
N5:2055,descartada,N5,これは頭痛にいいものですか。,¿Es algo bueno para el dolor de cabeza?,Vocabulario central muy repetido o variante de un contexto ya suficientemente representado; escasa aportación adicional.,"{""いい"": 70, ""これ"": 51, ""頭痛"": 2}",これはだれのものですか。
N5:2056,descartada,N5,山田さんに漢字を教えてもらいました。,Yamada-san me enseñó kanji.,Vocabulario central muy repetido o variante de un contexto ya suficientemente representado; escasa aportación adicional.,"{""教える"": 11, ""漢字"": 44}",母に貯金を手伝ってもらいました。
N5:2057,descartada,N5,ああ、違います。,"Ah, no es eso.",Vocabulario central muy repetido o variante de un contexto ya suficientemente representado; escasa aportación adicional.,"{""違う"": 17}",まあ、違います。
N5:2058,descartada,N5,彼女と話すときは静かです。,"Cuando hablo con ella, estoy callado.",La traducción «estoy callado» contradice hablar; 静か no precisa ese sentido.,"{""彼女"": 67, ""話す"": 54, ""静か"": 47}",職場は静かです。
N5:2059,descartada,N5,映画ならもう始まったかも。,"Si hablamos de la película, quizá ya ha empezado.",Vocabulario central muy repetido o variante de un contexto ya suficientemente representado; escasa aportación adicional.,"{""もう"": 88, ""始まる"": 13, ""映画"": 78}",もう始まってるわよ。
N5:2060,aceptada,N4,山とか海とか、自然の景色が好きです。,"Me gustan los paisajes naturales, como las montañas o el mar.",Aporta un uso natural de vocabulario poco representado en el banco.,"{""好き"": 57, ""山"": 37, ""景色"": 9, ""海"": 3, ""自然"": 17}",映画とか音楽とか、何が好きですか。
N5:2061,aceptada,N2,窓口において、申請を受け付けますか。,¿Se aceptan solicitudes en la ventanilla?,Aporta un uso natural de vocabulario poco representado en el banco.,"{""受け付ける"": 3, ""申請"": 1, ""窓口"": 29}",空港において集合します。
N5:2062,aceptada,N4,あら、スマホが壊れた。,"Vaya, se ha roto el móvil.",Aporta un uso natural de vocabulario poco representado en el banco.,"{""壊れる"": 5}",スマホを使いすぎて目が疲れた。
N5:2063,descartada,N5,魚より肉のほうが安いです。,La carne es más barata que el pescado.,Vocabulario central muy repetido o variante de un contexto ya suficientemente representado; escasa aportación adicional.,"{""安い"": 52, ""肉"": 7, ""魚"": 14}",魚より肉のほうが好きです。
N5:2064,descartada,N5,日本の祭りが好きだから、毎年見に行きます。,"Como me gustan los festivales japoneses, voy a verlos cada año.",Vocabulario central muy repetido o variante de un contexto ya suficientemente representado; escasa aportación adicional.,"{""好き"": 57, ""毎年"": 4, ""祭り"": 70, ""行く"": 223, ""見る"": 158}",この祭りは有名ですから、見に行きます。
N5:2065,descartada,N5,買い物の前に牛乳を買います。,"Antes de ir de compras, compro leche.",Comprar leche antes de ir de compras resulta forzado sin contexto.,"{""前"": 118, ""牛乳"": 6, ""買い物"": 28, ""買う"": 121}",買い物の前にお金をおろします。
N5:2066,aceptada,N5,もう皿を洗いました。,Ya lavé los platos.,Aporta un uso natural de vocabulario poco representado en el banco.,"{""もう"": 88, ""洗う"": 15, ""皿"": 3}",もうスマホを買いました。
N5:2067,descartada,N5,週に何回魚を食べますか。,¿Cuántas veces comes pescado a la semana?,Vocabulario central muy repetido o variante de un contexto ya suficientemente representado; escasa aportación adicional.,"{""週"": 2, ""食べる"": 129}",何を食べますか。
N5:2068,aceptada,N4,店長にパンを二十個渡して、棚に並べました。,Le entregué veinte panes al encargado y los coloqué en la estantería.,Aporta un uso natural de vocabulario poco representado en el banco.,"{""パン"": 28, ""並べる"": 0, ""店長"": 8, ""棚"": 3, ""渡す"": 2}",うちでパンを三つ食べました。
N5:2069,descartada,N5,どこにも行きません。,No voy a ninguna parte.,Vocabulario central muy repetido o variante de un contexto ya suficientemente representado; escasa aportación adicional.,"{""どこ"": 22, ""行く"": 223}",週末はどこへも行きません。
N5:2070,descartada,N5,駅の近くにホテルがあるので便利です。,"Hay un hotel cerca de la estación, así que es conveniente.",Vocabulario central muy repetido o variante de un contexto ya suficientemente representado; escasa aportación adicional.,"{""ある"": 381, ""ホテル"": 15, ""便利"": 32, ""近く"": 12, ""駅"": 97}",駅の近くにホテルがあります。
N5:2071,aceptada,N4,毎朝ジョギングをします。,Hago jogging cada mañana.,Aporta un uso natural de vocabulario poco representado en el banco.,"{""する"": 871, ""ジョギング"": 0, ""毎朝"": 26}",毎朝はよく病院で買い物をします
N5:2072,descartada,N5,私は日本語は好きですが、漢字がまだ難しいです。,"Me gusta el japonés, pero los kanji son todavía difíciles.",Lecturas desordenadas respecto del texto; vocabulario además muy repetido.,"{""まだ"": 85, ""好き"": 57, ""日本語"": 53, ""漢字"": 44, ""私"": 124, ""難しい"": 20}",ああ、日本の祭りは好きですが、忙しいので行けません。
N5:2073,descartada,N5,この書類を送りますか。,¿Vas a enviar este documento?,Vocabulario central muy repetido o variante de un contexto ya suficientemente representado; escasa aportación adicional.,"{""この"": 796, ""書類"": 14, ""送る"": 20}",よくメールを送りますか。
N5:2074,descartada,N5,友だちにケーキをあげて、家へ帰ります。,Le doy un pastel a un amigo y vuelvo a casa.,Vocabulario central muy repetido o variante de un contexto ya suficientemente representado; escasa aportación adicional.,"{""あげる"": 7, ""ケーキ"": 12, ""友だち"": 126, ""家"": 95, ""帰る"": 40}",友だちにメールを送ります。
N5:2075,descartada,N5,ここではゲームをしません。外で遊びます。,Aquí no jugamos a juegos; jugamos fuera.,Vocabulario central muy repetido o variante de un contexto ya suficientemente representado; escasa aportación adicional.,"{""ここ"": 108, ""する"": 871, ""ゲーム"": 41, ""外"": 6, ""遊ぶ"": 8}",ここではゲームをしません。
N5:2076,descartada,N5,春になると、山の花がきれいなので、写真を撮りたくなります。,"Cuando llega la primavera, como las flores de la montaña son bonitas, me entran ganas de hacer fotos.",Vocabulario central muy repetido o variante de un contexto ya suficientemente representado; escasa aportación adicional.,"{""きれい"": 29, ""なる"": 125, ""写真"": 73, ""山"": 37, ""撮る"": 44, ""春"": 15, ""花"": 16}",春になると、花に注目が集まります。
N5:2077,descartada,N5,図書館は九時から五時までです。,La biblioteca abre de nueve a cinco.,Vocabulario central muy repetido o variante de un contexto ya suficientemente representado; escasa aportación adicional.,"{""図書館"": 48}",図書館は八時半から十一時までです。
N5:2078,aceptada,N4,このスマホの画面はとても見やすいです。,La pantalla de este móvil es muy fácil de ver.,Aporta un uso natural de vocabulario poco representado en el banco.,"{""この"": 796, ""とても"": 34, ""スマホ"": 51, ""画面"": 7, ""見やすい"": 1}",この駅は出口がとても見つけやすいです。
N5:2079,descartada,N5,お姉さんも大学生ですか。,¿Tu hermana mayor también es universitaria?,"Lectura incorrecta de お姉さん: おねえさん, no おあねさん.","{""大学生"": 0, ""姉さん"": 0}",田中さんですか。
N5:2080,descartada,N5,あとでお茶をいっしょに飲みませんか。,¿Te apetece tomar un té juntos más tarde?,Vocabulario central muy repetido o variante de un contexto ya suficientemente representado; escasa aportación adicional.,"{""あと"": 23, ""いっしょ"": 31, ""お茶"": 16, ""飲む"": 48}",いっしょに働きませんか。
N5:2081,descartada,N5,猫はいません。,No hay gatos.,Vocabulario central muy repetido o variante de un contexto ya suficientemente representado; escasa aportación adicional.,"{""いる"": 64, ""猫"": 7}",ここに猫はいません。
N5:2082,descartada,N5,この部屋は寒いから、窓を閉めます。,"Como esta habitación está fría, cierro la ventana.",Vocabulario central muy repetido o variante de un contexto ya suficientemente representado; escasa aportación adicional.,"{""この"": 796, ""寒い"": 24, ""窓"": 31, ""部屋"": 65, ""閉める"": 13}",寒いから、窓を閉めます。
N5:2083,aceptada,N3,この魚は新鮮です。,Este pescado está fresco.,Aporta un uso natural de vocabulario poco representado en el banco.,"{""この"": 796, ""新鮮"": 1, ""魚"": 14}",この機械は新しいですか。
N5:2084,descartada,N5,デパートで服を見て、靴も買いました。,Miré ropa en unos grandes almacenes y también compré zapatos.,Vocabulario central muy repetido o variante de un contexto ya suficientemente representado; escasa aportación adicional.,"{""デパート"": 12, ""服"": 13, ""見る"": 158, ""買う"": 121, ""靴"": 26}",デパートで服を見たり、値段を比べたりして、安い靴も買いました。
N5:2085,descartada,N5,ここで降りてください。,"Bájese aquí, por favor.",Vocabulario central muy repetido o variante de un contexto ya suficientemente representado; escasa aportación adicional.,"{""ここ"": 108, ""降りる"": 7}",下りてください。
N5:2086,aceptada,N2,この展望台なら写真を撮ってもいいです。,En este mirador se pueden tomar fotos.,Aporta un uso natural de vocabulario poco representado en el banco.,"{""この"": 796, ""写真"": 73, ""展望"": 0, ""撮る"": 44}",ここで写真を撮ってもいいです。
N5:2087,descartada,N5,ここでたばこを吸ってはいけません。,Aquí no se puede fumar.,Vocabulario central muy repetido o variante de un contexto ya suficientemente representado; escasa aportación adicional.,"{""ここ"": 108, ""たばこ"": 6, ""吸う"": 9}",ここでたばこを吸いません。
N5:2088,descartada,N5,仕事が忙しくて、今夜は勉強しない。,"Como tengo mucho trabajo, esta noche no estudio.",Vocabulario central muy repetido o variante de un contexto ya suficientemente representado; escasa aportación adicional.,"{""する"": 871, ""今夜"": 15, ""仕事"": 133, ""勉強"": 111, ""忙しい"": 32}",毎日勉強すると宣言したが、仕事が忙しくて続かなかった。
N5:2089,descartada,N5,昨日森で働いた。,Ayer trabajé en el bosque.,"Lectura incorrecta de 昨日: きのう, no さくひ.","{""働く"": 46, ""昨日"": 40, ""森"": 42}",今日は森で働きます。
N5:2090,descartada,N5,友だちにまた会いたいです。,Quiero volver a ver a un amigo.,Vocabulario central muy repetido o variante de un contexto ya suficientemente representado; escasa aportación adicional.,"{""また"": 9, ""会う"": 31, ""友だち"": 126}",友だちに会いたいです。
N5:2092,descartada,N5,今度、近くの森を一緒に散歩しませんか。,¿Te apetece dar un paseo juntos por el bosque cercano esta vez?,Vocabulario central muy repetido o variante de un contexto ya suficientemente representado; escasa aportación adicional.,"{""する"": 871, ""一緒"": 26, ""今度"": 21, ""散歩"": 23, ""森"": 42, ""近く"": 12}",今度の祭り、一緒に見に行きませんか。
N5:2093,descartada,N5,タクシーよりバスのほうが安い。,El autobús es más barato que el taxi.,Vocabulario central muy repetido o variante de un contexto ya suficientemente representado; escasa aportación adicional.,"{""タクシー"": 8, ""バス"": 87, ""安い"": 52}",電車よりバスのほうが安いです。
N5:2094,aceptada,N4,電池が切れたから、充電します。,"Como se ha agotado la batería, lo cargaré.",Aporta un uso natural de vocabulario poco representado en el banco.,"{""する"": 871, ""充電"": 3, ""切れる"": 0, ""電池"": 5}",彼女が好きだから、毎日電話します。
N5:2095,descartada,N5,旅行の前に切符を買って、後で駅で会います。,"Antes del viaje, compro el billete y luego quedo con alguien en la estación.",Vocabulario central muy repetido o variante de un contexto ya suficientemente representado; escasa aportación adicional.,"{""会う"": 31, ""切符"": 25, ""前"": 118, ""後で"": 5, ""旅行"": 82, ""買う"": 121, ""駅"": 97}",旅行の前に切符を買って、後で友だちに会います。
N5:2096,aceptada,N4,もうお祭りの踊りは始まっていますが、まだ太鼓は鳴っていません。,"Ya ha empezado el baile del festival, pero todavía no suena el tambor.",Aporta un uso natural de vocabulario poco representado en el banco.,"{""まだ"": 85, ""もう"": 88, ""太鼓"": 4, ""始まる"": 13, ""祭り"": 70, ""踊り"": 21, ""鳴る"": 2}",もう財布はありますが、まだ買い物は終わっていません。
N5:2097,descartada,N5,毎日お茶を飲みますか。,¿Bebes té cada día?,Vocabulario central muy repetido o variante de un contexto ya suficientemente representado; escasa aportación adicional.,"{""お茶"": 16, ""毎日"": 74, ""飲む"": 48}",お茶を飲みますか。
N5:2098,descartada,N5,家でケーキを三つ食べます。,Como tres pasteles en casa.,"Lectura de 三つ incorrecta: みっつ, no さんつ.","{""ケーキ"": 12, ""三つ"": 14, ""家"": 95, ""食べる"": 129}",うちでケーキを食べたいです。
N5:2099,descartada,N5,今夜は何を食べませんか。,¿Qué no vas a comer esta noche?,Pregunta negativa poco natural y confusión con la invitación ませんか.,"{""今夜"": 15, ""何"": 68, ""食べる"": 129}",今夜、寿司を食べませんか。
N5:2100,descartada,N5,駅の前にスーパーがあるので、帰りに買い物できます。,"Como hay un supermercado frente a la estación, puedo comprar al volver.",Variante de un contexto de compras ya suficientemente representado.,"{""ある"": 381, ""できる"": 81, ""スーパー"": 26, ""前"": 118, ""帰り"": 5, ""買い物"": 28, ""駅"": 97}",机の上にノートがあるので、そこで勉強します。
N5:2101,descartada,N5,バスで行きます。,Voy en autobús.,Vocabulario central muy repetido o variante de un contexto ya suficientemente representado; escasa aportación adicional.,"{""バス"": 87, ""行く"": 223}",バスで行きません。
N5:2102,aceptada,N5,京都は寺が多いです。,Kioto tiene muchos templos.,Aporta un uso natural de vocabulario poco representado en el banco.,"{""多い"": 24, ""寺"": 1}",京都は桜がきれいです。
N5:2103,descartada,N5,薬を飲んでいますか。,¿Estás tomando algún medicamento?,Vocabulario central muy repetido o variante de un contexto ya suficientemente representado; escasa aportación adicional.,"{""薬"": 40, ""飲む"": 48}",薬を飲んでくださいませんか。
N5:2104,descartada,N5,毎朝バスに乗って図書館へ日本語を勉強しに行きます。,Cada mañana cojo el autobús y voy a la biblioteca a estudiar japonés.,Vocabulario central muy repetido o variante de un contexto ya suficientemente representado; escasa aportación adicional.,"{""する"": 871, ""バス"": 87, ""乗る"": 24, ""勉強"": 111, ""図書館"": 48, ""日本語"": 53, ""毎朝"": 26, ""行く"": 223}",今日は図書館で日本語を勉強しますか。
N5:2105,descartada,N5,工場で働きません。,No trabajo en la fábrica.,Vocabulario central muy repetido o variante de un contexto ya suficientemente representado; escasa aportación adicional.,"{""働く"": 46, ""工場"": 3}",会社で働きません。
N5:2106,descartada,N5,彼女と話すと元気になります。,"Cuando hablo con ella, me animo.",Vocabulario central muy repetido o variante de un contexto ya suficientemente representado; escasa aportación adicional.,"{""なる"": 125, ""元気"": 10, ""彼女"": 67, ""話す"": 54}",彼女と会うと、元気になります。
N5:2107,descartada,N5,土曜日から日曜日まで友だちと映画を見ます。,Desde el sábado hasta el domingo veo películas con amigos.,Vocabulario central muy repetido o variante de un contexto ya suficientemente representado; escasa aportación adicional.,"{""友だち"": 126, ""土曜日"": 8, ""日曜日"": 13, ""映画"": 78, ""見る"": 158}",土曜日から日曜日まで映画を見ます。
N4:2166,aceptada,N4,雨がやんだら、店から人が出てきた。,"Cuando dejó de llover, la gente salió de la tienda.",Aporta un uso natural de vocabulario poco representado en el banco.,"{""やむ"": 2, ""人"": 73, ""出る"": 32, ""店"": 127, ""雨"": 46}",雨がふらないから、かさを持って行きません。
N4:2167,descartada,N4,健康につきましては、まだ問題ありません。,"En cuanto a la salud, todavía no hay problemas.",Vocabulario central muy repetido o variante de un contexto ya suficientemente representado; escasa aportación adicional.,"{""ある"": 381, ""つく"": 14, ""まだ"": 85, ""健康"": 22, ""問題"": 19}",運賃につきましては、変更ありません。
N4:2168,aceptada,N3,昨日は勉強しすぎて、夜まで頭がぼんやりしました。,Ayer estudié demasiado y hasta la noche tuve la cabeza embotada.,Aporta un uso natural de vocabulario poco representado en el banco.,"{""する"": 871, ""ぼんやり"": 0, ""勉強"": 111, ""夜"": 14, ""昨日"": 40, ""頭"": 6}",昨日は電車で帰りました。
N4:2169,descartada,N4,雨ですから、行きませんか。,"Como llueve, ¿no vamos?",Invitación sin destino ni motivo coherente para ir por la lluvia.,"{""行く"": 223, ""雨"": 46}",電車で行きません。
N4:2170,descartada,N4,信頼を得るには時間がかかる。,Ganar confianza lleva tiempo.,Vocabulario central muy repetido o variante de un contexto ya suficientemente representado; escasa aportación adicional.,"{""かかる"": 7, ""信頼"": 6, ""得る"": 8, ""時間"": 33}",この技術の推進には時間がかかります。
N4:2171,descartada,N4,一人で行ったわけではなく、家族とともに行きました。,"No fui solo, sino con mi familia.",Vocabulario central muy repetido o variante de un contexto ya suficientemente representado; escasa aportación adicional.,"{""家族"": 31, ""行う"": 5, ""行く"": 223}",日曜日に家族と公園へ行きました。
N4:2172,aceptada,N4,森のなかは静かですが、暗くなると道が見えにくいです。,"Dentro del bosque está tranquilo, pero cuando se hace de noche se ve peor el camino.",Aporta un uso natural de vocabulario poco representado en el banco.,"{""なる"": 125, ""暗い"": 4, ""見える"": 14, ""道"": 20, ""静か"": 47}",山は静かですが、風が強いです。
N4:2173,descartada,N4,ありがと、助かった。,"Gracias, me ha sido muy útil.",助かった expresa alivio/ayuda recibida; la traducción añade un referente útil no especificado.,"{""助かる"": 0}",ありがとう。
N4:2174,descartada,N4,まぁ、あとでもういちどみればいいよ。,"Bueno, luego puedes volver a mirarlo.",No se especifica qué se vuelve a mirar; aporta sobre todo variantes en kana de vocabulario ya presente.,"{""あと"": 23, ""いちど"": 0, ""みる"": 1, ""もう"": 88}",ありがと、でもそれはちがうよ。
N4:2176,descartada,N4,田中くん、あしたの発表でこの写真をみんなに見せてくれる？,"Tanaka-kun, ¿podrías enseñar esta foto a todos en la presentación de mañana?",Vocabulario central muy repetido o variante de un contexto ya suficientemente representado; escasa aportación adicional.,"{""あした"": 1, ""この"": 796, ""みんな"": 34, ""写真"": 73, ""発表"": 5, ""見せる"": 26}",写真を見せてください。
N4:2177,descartada,N4,いいえ、こわがるよ。,"No, le tiene miedo.",Negación aislada sin referente para el miedo.,"{""こわがる"": 0}",いいえ、電車のほうがはやい。
N4:2178,aceptada,N3,つい食べすぎたので、夕飯は軽めにします。,"Como me he pasado comiendo, cenaré algo ligero.",Aporta un uso natural de vocabulario poco representado en el banco.,"{""する"": 871, ""つい"": 0, ""夕飯"": 5, ""軽"": 0, ""食べる"": 129}",安いので、この電車にします。
N4:2179,aceptada,N2,夕食のあと、家族で対戦ゲームをしました。,"Después de cenar, jugamos en familia a un juego competitivo.",Aporta un uso natural de vocabulario poco representado en el banco.,"{""あと"": 23, ""する"": 871, ""ゲーム"": 41, ""夕食"": 12, ""家族"": 31, ""対戦"": 0}",仕事のあとで、ゲームをしたいです。
N4:2180,aceptada,N2,商品の記載がないので、店員に確認しました。,"Como no había información escrita del producto, le pregunté al dependiente.",Aporta un uso natural de vocabulario poco representado en el banco.,"{""する"": 871, ""ない"": 34, ""商品"": 19, ""店員"": 27, ""確認"": 33, ""記載"": 0}",電気が消えたので再度確認しました。
N4:2181,descartada,N4,検事は電車で来ますか。,¿Viene el fiscal en tren?,Sustitución de un cargo profesional en una pregunta de transporte; aporta poco contexto para aprender 検事.,"{""来る"": 59, ""検事"": 0, ""電車"": 91}",電車は十分後に来ます。
N4:2182,aceptada,N4,旅行先で安い下着を一枚買いました。,En el lugar al que viajé compré una prenda de ropa interior barata.,Aporta un uso natural de vocabulario poco representado en el banco.,"{""下着"": 0, ""安い"": 52, ""旅行"": 82, ""買う"": 121}",地図を一枚買いました。
N4:2183,descartada,N4,これは応用じゃなくて基本の運動です。,"Esto no es un ejercicio avanzado, sino un ejercicio básico.",応用 no equivale sin más a avanzado; contraposición traducida de manera imprecisa.,"{""これ"": 51, ""基本"": 2, ""応用"": 0, ""運動"": 12}",これは燃料じゃなくて水です。
N4:2184,descartada,N4,条件を全部比べたうえで、今はこの判断が妥当だと私は考えます。,"Tras comparar todas las condiciones, ahora creo que esta decisión es razonable.",Lecturas desordenadas: 今 aparece antes de 判断 y 妥当 en la frase.,"{""この"": 796, ""今"": 54, ""全部"": 5, ""判断"": 1, ""妥当"": 0, ""条件"": 4, ""比べる"": 4, ""私"": 124, ""考える"": 12}",このスマホは古いですが、まだ使えます。
N4:2185,descartada,N4,ウィリアムは今日も残業です。,William hace horas extra hoy también.,Vocabulario central muy repetido o variante de un contexto ya suficientemente representado; escasa aportación adicional.,"{""今日"": 138, ""残業"": 25}",今日、残業かも？
N4:2186,aceptada,N4,母は主婦です。,Mi madre es ama de casa.,Aporta un uso natural de vocabulario poco representado en el banco.,"{""主婦"": 0, ""母"": 40}",母は親切です。
N4:2187,aceptada,N2,どの大陸がいちばん広いですか。,¿Qué continente es el más grande?,Aporta un uso natural de vocabulario poco representado en el banco.,"{""いちばん"": 2, ""どの"": 7, ""大陸"": 0, ""広い"": 8}",どれがいちばん安いですか。
N4:2188,aceptada,N3,山で花を見ていたら、きれいな蝶に気がつきました。,"Mientras miraba flores en la montaña, me fijé en una mariposa bonita.",Aporta un uso natural de vocabulario poco representado en el banco.,"{""きれい"": 29, ""山"": 37, ""気がつく"": 0, ""花"": 16, ""蝶"": 0, ""見る"": 158}",春に山できれいな花を見たいです。
N4:2189,aceptada,N2,その問題はもう解消しました。,Ese problema ya se resolvió.,Aporta un uso natural de vocabulario poco representado en el banco.,"{""する"": 871, ""その"": 117, ""もう"": 88, ""問題"": 19, ""解消"": 0}",バスはもう出発しました。
N4:2190,aceptada,N1,財務が苦手なので、決算書を見るのに時間がかかります。,"Como se me dan mal las finanzas, tardo en revisar los estados financieros.",Aporta un uso natural de vocabulario poco representado en el banco.,"{""かかる"": 7, ""時間"": 33, ""決算"": 0, ""苦手"": 2, ""見る"": 158, ""財務"": 0}",この技術の推進には時間がかかります。
N4:2191,aceptada,N3,駅で昔の友だちにばったり出会いました。,Me encontré por casualidad con un amigo de antes en la estación.,Aporta un uso natural de vocabulario poco representado en el banco.,"{""ばったり"": 0, ""出会う"": 0, ""友だち"": 126, ""昔"": 22, ""駅"": 97}",駅で偶然友だちに会いました。
N4:2192,aceptada,N3,この町は水が豊かで、昔から農業がさかんですし、祭りも多いです。,"Este pueblo tiene mucha agua, la agricultura es próspera desde hace tiempo y, además, hay muchas fiestas.",Aporta un uso natural de vocabulario poco representado en el banco.,"{""この"": 796, ""さかん"": 0, ""多い"": 24, ""昔"": 22, ""水"": 36, ""町"": 54, ""祭り"": 70, ""豊か"": 0, ""農業"": 2}",この山はアクセスがいいですから、週末に人が多いです。
N4:2193,descartada,N4,宇宙は本当に神秘ですか。,¿De verdad el universo es un misterio?,宇宙は神秘です resulta poco natural como pregunta aislada.,"{""宇宙"": 1, ""本当に"": 8, ""神秘"": 0}",本当に馬鹿ですね。
N4:2194,aceptada,N2,今月の手当で洗濯機を買いました。,Compré una lavadora con el plus de este mes.,Aporta un uso natural de vocabulario poco representado en el banco.,"{""今月"": 3, ""手当"": 1, ""洗濯"": 2, ""買う"": 121}",手紙を三通買いました。
N4:2195,aceptada,N2,料理ではなく、視線のほうが気になりました。,"No fue la comida, sino las miradas lo que me molestó.",Aporta un uso natural de vocabulario poco representado en el banco.,"{""なる"": 125, ""料理"": 37, ""気"": 3, ""視線"": 0}",在庫はなくなりましたか？
N4:2196,aceptada,N2,練習ではうまくいっても、本番では緊張して失敗しました。,"Aunque en los ensayos salió bien, en la actuación me puse nervioso y fallé.",Aporta un uso natural de vocabulario poco representado en el banco.,"{""いく"": 5, ""うまい"": 3, ""する"": 871, ""失敗"": 4, ""本番"": 0, ""緊張"": 2, ""練習"": 12}",その店には疑問がありますし、失敗もしました。
N4:2197,aceptada,N2,この路線では野生の鹿を見かけます。,En esta línea se ven ciervos salvajes.,Aporta un uso natural de vocabulario poco representado en el banco.,"{""この"": 796, ""見かける"": 1, ""路線"": 3, ""野生"": 0, ""鹿"": 0}",この店では野菜を販売しています。
N4:2198,aceptada,N2,予約サイトへの移行が順調です。,La migración al sitio de reservas va bien.,Aporta un uso natural de vocabulario poco representado en el banco.,"{""サイト"": 2, ""予約"": 15, ""移行"": 0, ""順調"": 2}",この片づけの進行は順調です。
N4:2199,aceptada,N3,足元が冷えていませんか。,¿No se le están enfriando los pies?,Aporta un uso natural de vocabulario poco representado en el banco.,"{""冷える"": 0, ""足元"": 0}",めがねをかけていません。
N4:2200,descartada,N4,今日は図書館で参考書が読み放題なので、気になるところを何度も確認しました。,"Hoy, en la biblioteca, como podía leer los manuales cuanto quisiera, revisé varias veces los puntos que me preocupaban.",Contexto forzado de lectura ilimitada de manuales en biblioteca y traducción temporal imprecisa.,"{""する"": 871, ""なる"": 125, ""今日"": 138, ""参考"": 4, ""図書館"": 48, ""放題"": 0, ""気"": 3, ""確認"": 33, ""読む"": 71}",火曜日図書館で本を読みました
N4:2201,descartada,N4,まずは私の担当ではありません。,"Para empezar, no es mi responsabilidad.",Vocabulario central muy repetido o variante de un contexto ya suficientemente representado; escasa aportación adicional.,"{""ある"": 381, ""まずは"": 0, ""担当"": 5, ""私"": 124}",それは私の任務ではありません。
N4:2202,aceptada,N2,会員名簿を見たので、彼の名前はすぐ分かりました。,"Como vi el registro de socios, enseguida supe su nombre.",Aporta un uso natural de vocabulario poco representado en el banco.,"{""すぐ"": 33, ""会員"": 6, ""分かる"": 50, ""名前"": 13, ""名簿"": 0, ""彼"": 64, ""見る"": 158}",警告を無視したので、旅行は中止になりました。
N4:2203,aceptada,N4,この曲はベースがよく聞こえます。,En esta canción se oye bien el bajo.,Aporta un uso natural de vocabulario poco representado en el banco.,"{""この"": 796, ""よく"": 54, ""ベース"": 0, ""曲"": 0, ""聞こえる"": 6}",山は静かですから、ここで鳥の声がよく聞こえます。
N4:2204,aceptada,N4,山道が急だったので、私たちはゆっくり上りました。,"Como el sendero de la montaña era empinado, subimos despacio.",Aporta un uso natural de vocabulario poco representado en el banco.,"{""ゆっくり"": 16, ""上る"": 0, ""山道"": 7, ""急"": 7, ""私"": 124}",通報が遅れたので、私たちは原因を自分で調べました。
N4:2205,aceptada,N2,貨物はいつ届きますか。,¿Cuándo llega la carga?,Aporta un uso natural de vocabulario poco representado en el banco.,"{""いつ"": 2, ""届く"": 2, ""貨物"": 0}",バスはいつ戻りますか。
N4:2206,descartada,N4,今日はこのアプリのインタビューをします。,Hoy haré una entrevista sobre esta aplicación.,アプリのインタビュー es impreciso sin indicar sobre quién o acerca de qué se entrevista.,"{""この"": 796, ""する"": 871, ""アプリ"": 66, ""インタビュー"": 0, ""今日"": 138}",このアプリを使いますか。
N4:2207,aceptada,N2,いいえ、問題は値段ではなく性能です。,"No, el problema no es el precio, sino el rendimiento.",Aporta un uso natural de vocabulario poco representado en el banco.,"{""値段"": 13, ""問題"": 19, ""性能"": 0}",いいえ、立つのは私ではなく彼です。
N4:2208,aceptada,N2,デザインはもうできていますが、仕上げには時間がかかります。,"Aunque el diseño ya está listo, el acabado final llevará tiempo.",Aporta un uso natural de vocabulario poco representado en el banco.,"{""かかる"": 7, ""できる"": 81, ""もう"": 88, ""デザイン"": 3, ""仕上げ"": 0, ""時間"": 33}",この技術の推進には時間がかかります。
N4:2209,aceptada,N2,苦情が一件ありました。,Hubo una queja.,Aporta un uso natural de vocabulario poco representado en el banco.,"{""ある"": 381, ""苦情"": 0}",事件はありましたか。
N4:2210,aceptada,N2,うちの同期もこのマンションに住んでいます。,Mi compañero de promoción también vive en este edificio.,Aporta un uso natural de vocabulario poco representado en el banco.,"{""うち"": 37, ""この"": 796, ""マンション"": 0, ""住む"": 3, ""同期"": 0}",ラボは この地下に潜んでいます。
N4:2211,aceptada,N2,この店は多様な料理を出しますか。,¿Este local sirve platos variados?,Aporta un uso natural de vocabulario poco representado en el banco.,"{""この"": 796, ""出す"": 12, ""多様"": 0, ""店"": 127, ""料理"": 37}",この店では靴を直してもらえますか。
N4:2212,descartada,N4,原告は店の返品窓口で返金を求めました。,El demandante pidió el reembolso en la ventanilla de devoluciones de la tienda.,Vocabulario central muy repetido o variante de un contexto ya suficientemente representado; escasa aportación adicional.,"{""原告"": 0, ""店"": 127, ""求める"": 3, ""窓口"": 29, ""返品"": 1, ""返金"": 0}",店で身分証の提示を求められました。
N4:2213,descartada,N4,このバスは身長制限がない。,Este autobús no tiene límite de estatura.,Restricción de altura en un autobús sin contexto justificativo.,"{""この"": 796, ""ない"": 34, ""バス"": 87, ""制限"": 1, ""身長"": 0}",バスはここにない。
N4:2214,descartada,N4,普段は電車で行きますが、旅行のときはバスを使います。,"Normalmente voy en tren, pero cuando viajo uso autobús.",Vocabulario central muy repetido o variante de un contexto ya suficientemente representado; escasa aportación adicional.,"{""バス"": 87, ""使う"": 78, ""旅行"": 82, ""普段"": 0, ""行く"": 223, ""電車"": 91}",旅行のときはバスを使います。
N4:2215,descartada,N4,毎日のケアが大切です。,El cuidado diario es importante.,Vocabulario central muy repetido o variante de un contexto ya suficientemente representado; escasa aportación adicional.,"{""ケア"": 0, ""大切"": 37, ""毎日"": 74}",旅行の前に健康が大切です。
N4:2216,aceptada,N2,授業では農民の暮らしと収入の変化を調べました。,En clase investigué la vida de los campesinos y los cambios en sus ingresos.,Aporta un uso natural de vocabulario poco representado en el banco.,"{""収入"": 1, ""変化"": 4, ""授業"": 16, ""暮らし"": 0, ""調べる"": 21, ""農民"": 0}",この物語では、王の暗殺が国の文化を大きく変えました。
N4:2217,descartada,N4,高齢でもできますか。,¿Se puede hacer incluso siendo mayor?,Vocabulario central muy repetido o variante de un contexto ya suficientemente representado; escasa aportación adicional.,"{""できる"": 81, ""高齢"": 0}",宅配もできますか。
N4:2218,descartada,N4,私は人の徳を大切にします。,Valoro la virtud de las personas.,Vocabulario central muy repetido o variante de un contexto ya suficientemente representado; escasa aportación adicional.,"{""する"": 871, ""人"": 73, ""大切"": 37, ""徳"": 0, ""私"": 124}",国民は国を大切にします。
N4:2219,aceptada,N4,これは土産じゃなくて、私の忘れ物です。,"Esto no es un souvenir, sino algo que me he dejado.",Aporta un uso natural de vocabulario poco representado en el banco.,"{""これ"": 51, ""土産"": 0, ""忘れ物"": 1, ""私"": 124}",これは燃料じゃなくて水です。
N4:2220,descartada,N4,森を守るには水が不可欠ですが、開発も必要です。,"Para proteger el bosque, el agua es esencial, pero también hace falta desarrollo.",Vocabulario central muy repetido o variante de un contexto ya suficientemente representado; escasa aportación adicional.,"{""不可欠"": 0, ""守る"": 15, ""必要"": 38, ""森"": 42, ""水"": 36, ""開発"": 3}",自然を守るには、倫理だけでなく、日々の行動も必要です。
N4:2221,aceptada,N3,彼は堂々と話します。,Él habla con aplomo.,Aporta un uso natural de vocabulario poco representado en el banco.,"{""堂々"": 0, ""彼"": 64, ""話す"": 54}",友だちと毎日話します。
N4:2222,descartada,N4,買い物の前に株価も少し確認しました。,"Antes de ir de compras, también comprobé un poco las cotizaciones bursátiles.",Lecturas fuera del orden del texto.,"{""する"": 871, ""前"": 118, ""少し"": 143, ""株価"": 0, ""確認"": 33, ""買い物"": 28}",買い物の前に少し運動をします。
N4:2223,aceptada,N2,この古いメモ、まだ解読できますか。,¿Puedes descifrar todavía esta nota antigua?,Aporta un uso natural de vocabulario poco representado en el banco.,"{""この"": 796, ""できる"": 81, ""まだ"": 85, ""メモ"": 7, ""古い"": 25, ""解読"": 0}",この会員登録の解除はできますか？
N4:2224,aceptada,N2,文化祭の写真を出力して、あとで会場でみんなに配りました。,Imprimí las fotos del festival cultural y luego se las repartí a todos en el recinto.,Aporta un uso natural de vocabulario poco representado en el banco.,"{""あと"": 23, ""する"": 871, ""みんな"": 34, ""会場"": 5, ""写真"": 73, ""出力"": 0, ""文化"": 40, ""配る"": 2}",部の指令どおり、資料をまとめて会議の前にみんなに配りました。
N4:2225,aceptada,N2,私は現金を所持していません。,No llevo efectivo.,Aporta un uso natural de vocabulario poco representado en el banco.,"{""する"": 871, ""所持"": 0, ""現金"": 2, ""私"": 124}",私はその事故を目撃していません。
N4:2226,descartada,N4,雨が降っても、母はすぐやってくる。,"Aunque llueva, mi madre viene enseguida.",Vocabulario central muy repetido o variante de un contexto ya suficientemente representado; escasa aportación adicional.,"{""すぐ"": 33, ""やってくる"": 0, ""母"": 40, ""降る"": 15, ""雨"": 46}",雨が降っても、母は窓を開けます。
N4:2227,aceptada,N1,その古い腕時計は、専門家に鑑定された。,Ese reloj de pulsera antiguo fue tasado por un especialista.,Aporta un uso natural de vocabulario poco representado en el banco.,"{""する"": 871, ""その"": 117, ""古い"": 25, ""専門"": 2, ""腕時計"": 1, ""鑑定"": 0}",その商品はお客様に返品されましたか。
N4:2228,descartada,N4,店で値札を見ていると、すると急に全品の安売りが始まりました。,"En la tienda, al mirar las etiquetas, entonces empezó de repente la rebaja de todos los artículos.",Conectores redundantes y poco naturales.,"{""すると"": 0, ""値札"": 1, ""全品"": 0, ""始まる"": 13, ""安売り"": 0, ""店"": 127, ""急"": 7, ""見る"": 158}",駅の店で買い物中、急に荷物の行方がわからなくなりました。
N4:2229,descartada,N4,次に乗る電車はどれですか。,¿Cuál es el tren que voy a coger a continuación?,Vocabulario central muy repetido o variante de un contexto ya suficientemente representado; escasa aportación adicional.,"{""どれ"": 5, ""乗る"": 24, ""次に"": 1, ""電車"": 91}",明日の電車の見通しはどうですか。
N4:2230,aceptada,N3,旅行の募集を見て、すぐ申し込みました。,Vi la convocatoria del viaje y me apunté enseguida.,Aporta un uso natural de vocabulario poco representado en el banco.,"{""すぐ"": 33, ""募集"": 0, ""旅行"": 82, ""申し込む"": 2, ""見る"": 158}",旅行の写真を見ました。
N4:2231,descartada,N4,あれは栄光ではなく、努力の結果です。,"Eso no es gloria, sino el resultado del esfuerzo.",Vocabulario central muy repetido o variante de un contexto ya suficientemente representado; escasa aportación adicional.,"{""あれ"": 3, ""努力"": 2, ""栄光"": 0, ""結果"": 12}",それは幸運じゃなくて、努力の結果です。
N4:2232,aceptada,N2,この講座では、勉強時間を三十分と定めるので、予定を組みやすいです。,"En este curso, se fija el tiempo de estudio en treinta minutos, así que es fácil organizarse.",Aporta un uso natural de vocabulario poco representado en el banco.,"{""この"": 796, ""予定"": 29, ""勉強"": 111, ""定める"": 0, ""時間"": 33, ""組む"": 1, ""講座"": 0}",この教科書は読みやすいです。
N4:2233,descartada,N4,経理では分子を確認します。,"En contabilidad, comprobamos el numerador.",Uso de numerador en contabilidad sin contexto suficiente.,"{""する"": 871, ""分子"": 0, ""確認"": 33, ""経理"": 1}",電車では子どもの世話をします。
N4:2234,descartada,N4,昨日彼は不正がばれて、村から追放されたことをすぐ知った。,Ayer supo enseguida que habían descubierto su fraude y lo habían expulsado del pueblo.,Vocabulario central muy repetido o variante de un contexto ya suficientemente representado; escasa aportación adicional.,"{""すぐ"": 33, ""する"": 871, ""ばれる"": 1, ""不正"": 2, ""彼"": 64, ""昨日"": 40, ""村"": 0, ""知る"": 10, ""追放"": 0}",昨夜、彼の浮気が妻にばれて大騒ぎになった。
N4:2235,aceptada,N4,この橋を渡ると、遊園地へ歩いて行けますよね？,"Si cruzas este puente, puedes ir andando al parque de atracciones, ¿verdad?",Aporta un uso natural de vocabulario poco representado en el banco.,"{""この"": 796, ""橋"": 4, ""歩く"": 38, ""渡る"": 0, ""行ける"": 14, ""遊園"": 1}",この坂を上がると、右に古い寺が見えます。
N4:2236,descartada,N4,私は森で見た謎の光の実在を、友だちに話しました。,Le conté a un amigo la existencia real de una luz misteriosa que vi en el bosque.,Vocabulario central muy repetido o variante de un contexto ya suficientemente representado; escasa aportación adicional.,"{""光"": 3, ""友だち"": 126, ""実在"": 0, ""森"": 42, ""私"": 124, ""見る"": 158, ""話す"": 54, ""謎"": 0}",このパソコンのことを友達に話しました。
N4:2237,aceptada,N3,そんなに複雑じゃないよ。,No es tan complicado.,Aporta un uso natural de vocabulario poco representado en el banco.,"{""そんなに"": 3, ""複雑"": 0}",本気じゃないよ。
N4:2238,descartada,N4,時間がないので、今は聴取を後回しにします。,"Como no tengo tiempo, dejo la escucha para después.",Vocabulario central muy repetido o variante de un contexto ya suficientemente representado; escasa aportación adicional.,"{""する"": 871, ""ない"": 34, ""今"": 54, ""後回し"": 0, ""時間"": 33, ""聴取"": 0}",部屋が寒いので、今日は窓を閉めることにします。
N4:2239,aceptada,N2,個別の事情は後で確認します。,Luego confirmaré las circunstancias de cada caso.,Aporta un uso natural de vocabulario poco representado en el banco.,"{""する"": 871, ""事情"": 4, ""個別"": 0, ""後で"": 5, ""確認"": 33}",まちの中心で確認します。
N4:2240,aceptada,N1,文化の現場では、この劇の成功で賃金の見直しを求める声が強まりました。,"En el ámbito cultural, el éxito de esta obra ha reforzado las voces que piden revisar los salarios.",Aporta un uso natural de vocabulario poco representado en el banco.,"{""この"": 796, ""劇"": 0, ""声"": 9, ""強まる"": 0, ""成功"": 2, ""文化"": 40, ""求める"": 3, ""現場"": 2, ""見直し"": 0, ""賃金"": 0}",地元では森の保護を求める声が増えています。
N4:2241,aceptada,N2,これは新規の申込みですか。,¿Es una solicitud nueva?,Aporta un uso natural de vocabulario poco representado en el banco.,"{""これ"": 51, ""新規"": 0, ""申込む"": 0}",これは何の物質ですか。
N4:2242,aceptada,N2,毎日の塩分摂取を少しずつ減らします。,Reduciré poco a poco mi ingesta diaria de sal.,Aporta un uso natural de vocabulario poco representado en el banco.,"{""塩分"": 0, ""少し"": 143, ""摂取"": 0, ""毎日"": 74, ""減らす"": 6}",母が毎日少しずつ貯金してくれます。
N4:2243,aceptada,N3,その客は逮捕されず、店から出されました。,Ese cliente no fue arrestado; solo lo echaron del local.,Aporta un uso natural de vocabulario poco representado en el banco.,"{""する"": 871, ""その"": 117, ""出す"": 12, ""客"": 5, ""店"": 127, ""逮捕"": 0}",その商品はお客様に返品されましたか。
N4:2244,descartada,N4,このアルバムは作曲がいいので、少し高くても買います。,"Como la composición de este álbum es buena, aunque sea un poco caro lo compraré.",Vocabulario central muy repetido o variante de un contexto ya suficientemente representado; escasa aportación adicional.,"{""いい"": 70, ""この"": 796, ""アルバム"": 1, ""作曲"": 0, ""少し"": 143, ""買う"": 121, ""高い"": 43}",このアプリは登録しなくてもいいですか。
N4:2245,aceptada,N3,駅では係員の指示に従います。,Sigo las indicaciones del personal en la estación.,Aporta un uso natural de vocabulario poco representado en el banco.,"{""係員"": 0, ""従う"": 0, ""指示"": 2, ""駅"": 97}",兄は駅で働いています。
N5:2108,descartada,N5,森の空気は朝になるととても気持ちいいです。,El aire del bosque es muy agradable por la mañana.,Vocabulario central muy repetido o variante de un contexto ya suficientemente representado; escasa aportación adicional.,"{""とても"": 34, ""なる"": 125, ""朝"": 40, ""気持ちいい"": 1, ""空気"": 7}",この森はとても静かで、気持ちがいいです。
N5:2109,descartada,N5,ここでも使えますか。,¿También se puede usar aquí?,Vocabulario central muy repetido o variante de un contexto ya suficientemente representado; escasa aportación adicional.,"{""ここ"": 108, ""使える"": 15}",ここでパンも買えますか。
N5:2110,descartada,N5,このアプリは旅行中でも使えますか。,¿Esta aplicación también se puede usar durante el viaje?,Lectura incorrecta de 旅行.,"{""この"": 796, ""アプリ"": 66, ""使える"": 15, ""旅行"": 82}",このアプリを使いますか。
N5:2111,descartada,N5,この町には駅がありません。,En esta ciudad no hay estación.,Vocabulario central muy repetido o variante de un contexto ya suficientemente representado; escasa aportación adicional.,"{""ある"": 381, ""この"": 796, ""町"": 54, ""駅"": 97}",この町にも駅がありますか。
N5:2112,descartada,N5,日本のお祭りは楽しいですが、人が多いです。,"Los festivales japoneses son divertidos, pero hay mucha gente.",Lectura de 祭 duplica la terminación り.,"{""人"": 73, ""多い"": 24, ""楽しい"": 7, ""祭り"": 70}",この祭りは楽しいですが、人が多いので、途中で帰りました。
N5:2113,descartada,N5,この店は便利だ。,Esta tienda es práctica.,Vocabulario central muy repetido o variante de un contexto ya suficientemente representado; escasa aportación adicional.,"{""この"": 796, ""便利"": 32, ""店"": 127}",この制度は便利です。
N5:2114,descartada,N5,母は窓を開けて、空気を入れました。,Mi madre abrió la ventana y dejó entrar el aire.,Vocabulario central muy repetido o variante de un contexto ya suficientemente representado; escasa aportación adicional.,"{""入れる"": 18, ""母"": 40, ""空気"": 7, ""窓"": 31, ""開ける"": 13}",母が窓を開けて、空気を入れた。
N5:2115,aceptada,N4,塩を少し入れてくださいませんか。,¿Podría echar un poco de sal?,Aporta un uso natural de vocabulario poco representado en el banco.,"{""入れる"": 18, ""塩"": 0, ""少し"": 143}",これをコピーしてくださいませんか。
N5:2116,descartada,N5,この店で服を試着してもいいですか。,¿Puedo probarme ropa en esta tienda?,Vocabulario central muy repetido o variante de un contexto ya suficientemente representado; escasa aportación adicional.,"{""この"": 796, ""する"": 871, ""店"": 127, ""服"": 13, ""試着"": 1}",この店で試着してもいいですか。
N5:2117,descartada,N5,ここで降りてはいけない。,No se puede bajar aquí.,Vocabulario central muy repetido o variante de un contexto ya suficientemente representado; escasa aportación adicional.,"{""ここ"": 108, ""降りる"": 7}",ここで降りてください。
N5:2118,descartada,N5,切符を買わないと電車に乗れません。,"Si no compras el billete, no puedes subir al tren.",Vocabulario central muy repetido o variante de un contexto ya suficientemente representado; escasa aportación adicional.,"{""乗れる"": 2, ""切符"": 25, ""買う"": 121, ""電車"": 91}",三カ月電車に乗っていません。
N5:2119,descartada,N5,昨日、スマホの見すぎで目が疲れました。,Ayer se me cansaron los ojos por mirar demasiado el móvil.,Vocabulario central muy repetido o variante de un contexto ya suficientemente representado; escasa aportación adicional.,"{""昨日"": 40, ""疲れる"": 12, ""目"": 7, ""見る"": 158}",スマホを使いすぎて、目が疲れました。
N5:2120,descartada,N5,毎晩漢字を練習して、もっと早く読めるようになりたい。,Quiero practicar kanji cada noche para poder leer más rápido.,Vocabulario central muy repetido o variante de un contexto ya suficientemente representado; escasa aportación adicional.,"{""する"": 871, ""なる"": 125, ""もっと"": 30, ""早い"": 47, ""毎晩"": 15, ""漢字"": 44, ""練習"": 12, ""読める"": 11}",毎日漢字を練習して、前より早く読めるようになりました。
N5:2121,descartada,N5,一緒に仕事をしましょうか。,¿Trabajamos juntos?,Vocabulario central muy repetido o variante de un contexto ya suficientemente representado; escasa aportación adicional.,"{""する"": 871, ""一緒"": 26, ""仕事"": 133}",いっしょに仕事をしましょうか。
N5:2122,descartada,N5,今夜、一緒に晩ご飯を食べませんか。,¿Cenamos juntos esta noche?,Vocabulario central muy repetido o variante de un contexto ya suficientemente representado; escasa aportación adicional.,"{""ご飯"": 40, ""一緒"": 26, ""今夜"": 15, ""晩"": 3, ""食べる"": 129}",一緒にご飯を食べませんか。
N5:2123,descartada,N5,映画よりゲームのほうが楽しいです。,Los videojuegos son más divertidos que el cine.,Vocabulario central muy repetido o variante de un contexto ya suficientemente representado; escasa aportación adicional.,"{""ゲーム"": 41, ""映画"": 78, ""楽しい"": 7}",映画より音楽のほうが好きです。
N5:2124,aceptada,N5,空がきれいだから、星がよく見えます。,"Como el cielo está limpio, se ven bien las estrellas.",Aporta un uso natural de vocabulario poco representado en el banco.,"{""きれい"": 29, ""よく"": 54, ""星"": 0, ""空"": 1, ""見える"": 14}",これは本物だから、よく調べます。
N5:2125,descartada,N5,郵便局に行った後で勉強します。,"Después de ir a correos, estudiaré.",Vocabulario central muy repetido o variante de un contexto ya suficientemente representado; escasa aportación adicional.,"{""する"": 871, ""勉強"": 111, ""行く"": 223, ""郵便"": 23}",昨日、郵便局へ行った。
N5:2126,descartada,N5,スマホはもう充電しました。,Ya he cargado el móvil.,Vocabulario central muy repetido o variante de un contexto ya suficientemente representado; escasa aportación adicional.,"{""する"": 871, ""もう"": 88, ""スマホ"": 51, ""充電"": 3}",バスはもう出発しました。
N5:2127,descartada,N5,地域の集まりによく行きますか。,¿Vas a menudo a las reuniones del barrio?,Vocabulario central muy repetido o variante de un contexto ya suficientemente representado; escasa aportación adicional.,"{""よく"": 54, ""地域"": 29, ""行く"": 223, ""集まり"": 8}",来月の地域の集まりに行くつもりですか。
N5:2128,descartada,N5,お祭りで友だちに三枚のチケットを渡しました。,Le di tres entradas a un amigo en el festival.,Lectura de 祭 duplica la terminación り.,"{""チケット"": 1, ""友だち"": 126, ""渡す"": 2, ""祭り"": 70}",友だちに二冊の本を貸しました。
N5:2129,descartada,N5,だれも来ません。,No viene nadie.,Vocabulario central muy repetido o variante de un contexto ya suficientemente representado; escasa aportación adicional.,"{""だれ"": 29, ""来る"": 59}",だれも来ませんでした。
N5:2130,descartada,N5,本は机の上にありますから、すぐ見つかります。,"Como el libro está sobre la mesa, se encuentra enseguida.",Vocabulario central muy repetido o variante de un contexto ya suficientemente representado; escasa aportación adicional.,"{""ある"": 381, ""すぐ"": 33, ""本"": 79, ""机"": 17, ""見つかる"": 5}",本は机の上にあります。
N5:2131,descartada,N5,今夜のご飯はカレーです。,La cena de esta noche es curry.,Lectura incorrecta de ご飯.,"{""ご飯"": 40, ""カレー"": 13, ""今夜"": 15}",祖母はカレーが好きです。
N5:2132,descartada,N5,この店では服が安くて、人気があります。,En esta tienda la ropa es barata y es muy popular.,Vocabulario central muy repetido o variante de un contexto ya suficientemente representado; escasa aportación adicional.,"{""ある"": 381, ""この"": 796, ""人気"": 18, ""安い"": 52, ""店"": 127, ""服"": 13}",この店ではモノを安く売っています。
N5:2133,aceptada,N5,タクシーを呼びますか。,¿Llamas a un taxi?,Aporta un uso natural de vocabulario poco representado en el banco.,"{""タクシー"": 8, ""呼ぶ"": 4}",タクシーで銀行へ行きます。
N5:2134,descartada,N5,友だちに来月京都へ行くと伝えます。,Le digo a un amigo que iré a Kioto el mes que viene.,Vocabulario central muy repetido o variante de un contexto ya suficientemente representado; escasa aportación adicional.,"{""伝える"": 5, ""友だち"": 126, ""来月"": 40, ""行く"": 223}",友だちに森へ行く道を教えました。
N5:2135,descartada,N5,薬は水で飲みます。,La medicina la tomo con agua.,Vocabulario central muy repetido o variante de un contexto ya suficientemente representado; escasa aportación adicional.,"{""水"": 36, ""薬"": 40, ""飲む"": 48}",薬は水で飲みますが、お茶では飲みません。
N5:2136,aceptada,N4,本を読むと、すぐ眠くなります。,"Cuando leo un libro, me entra sueño enseguida.",Aporta un uso natural de vocabulario poco representado en el banco.,"{""すぐ"": 33, ""なる"": 125, ""本"": 79, ""眠い"": 3, ""読む"": 71}",この文を読むと、意味がよくわかります。
N5:2137,descartada,N5,会社から森まで歩きます。,Camino desde la oficina hasta el bosque.,Vocabulario central muy repetido o variante de un contexto ya suficientemente representado; escasa aportación adicional.,"{""会社"": 70, ""森"": 42, ""歩く"": 38}",駅から家まで歩きます。
N5:2138,descartada,N5,友だちの家で夕食を食べます。,Ceno en casa de un amigo.,Vocabulario central muy repetido o variante de un contexto ya suficientemente representado; escasa aportación adicional.,"{""友だち"": 126, ""夕食"": 12, ""家"": 95, ""食べる"": 129}",私も同じく、家で夕食を食べます。
N5:2139,descartada,N5,映画も見ますかね。,"¿También ves películas, me pregunto?",Vocabulario central muy repetido o variante de un contexto ya suficientemente representado; escasa aportación adicional.,"{""映画"": 78, ""見る"": 158}",あー、映画を見るんですか。
N5:2140,aceptada,N4,公園の桜はもう咲いたか、友だちに聞きました。,Le pregunté a un amigo si ya habían florecido los cerezos del parque.,Aporta un uso natural de vocabulario poco representado en el banco.,"{""もう"": 88, ""公園"": 49, ""友だち"": 126, ""咲く"": 2, ""桜"": 2, ""聞く"": 72}",この舞台はもう友だちに見られましたか。
N5:2141,descartada,N5,受付に人はいません。,No hay nadie en recepción.,Vocabulario central muy repetido o variante de un contexto ya suficientemente representado; escasa aportación adicional.,"{""いる"": 64, ""人"": 73, ""受付"": 5}",受付にだれもいませんか。
N5:2142,descartada,N5,この機械は軽いから、持ち運びやすい。,"Esta máquina es ligera, así que es fácil de llevar.",Vocabulario central muy repetido o variante de un contexto ya suficientemente representado; escasa aportación adicional.,"{""この"": 796, ""持ち運ぶ"": 1, ""機械"": 9, ""軽い"": 3}",この機器は軽くて持ち運びやすいです。
N5:2143,descartada,N5,この町はとても静かだ。,Este pueblo es muy tranquilo.,Vocabulario central muy repetido o variante de un contexto ya suficientemente representado; escasa aportación adicional.,"{""この"": 796, ""とても"": 34, ""町"": 54, ""静か"": 47}",この町はとても静かです。
N5:2144,descartada,N5,休日に神社へ行って、お祭りの太鼓を聞きました。,En mi día libre fui al santuario y escuché los tambores del festival.,Vocabulario central muy repetido o variante de un contexto ya suficientemente representado; escasa aportación adicional.,"{""休日"": 8, ""太鼓"": 4, ""神社"": 4, ""祭り"": 70, ""聞く"": 72, ""行く"": 223}",日本人にスマホの使い方を聞きました。
N5:2145,aceptada,N5,ドアを閉めてください。,"Cierra la puerta, por favor.",Aporta un uso natural de vocabulario poco representado en el banco.,"{""ドア"": 3, ""閉める"": 13}",お金を貯めてください。
N5:2146,descartada,N5,ここでゲームをしてもいいですよ。,Puedes jugar aquí a un juego.,Vocabulario central muy repetido o variante de un contexto ya suficientemente representado; escasa aportación adicional.,"{""ここ"": 108, ""する"": 871, ""ゲーム"": 41}",ここでゲームをしてはいけない。
N5:2147,descartada,N5,このお菓子は夜に食べてはいけません。,No debes comer este dulce por la noche.,Vocabulario central muy repetido o variante de un contexto ya suficientemente representado; escasa aportación adicional.,"{""お菓子"": 2, ""この"": 796, ""夜"": 14, ""食べる"": 129}",この魚は生で食べてはいけません。
N5:2148,descartada,N5,安くても、今日はこの店ではかばんを買わない。,"Aunque está barato, hoy no voy a comprar un bolso en esta tienda.",Lectura incorrecta de 今日.,"{""かばん"": 41, ""この"": 796, ""今日"": 138, ""安い"": 52, ""店"": 127, ""買う"": 121}",安くないから、このかばんは今日は買わない。
N5:2149,descartada,N5,昨日バスに乗った。,Ayer tomé el autobús.,Vocabulario central muy repetido o variante de un contexto ya suficientemente representado; escasa aportación adicional.,"{""バス"": 87, ""乗る"": 24, ""昨日"": 40}",バスに乗るときです。
N5:2150,descartada,N5,今度の休みに海へ行きたい。,En las próximas vacaciones quiero ir al mar.,Vocabulario central muy repetido o variante de un contexto ya suficientemente representado; escasa aportación adicional.,"{""今度"": 21, ""休み"": 21, ""海"": 3, ""行く"": 223}",私は今度の休みに海を見に行きたいです。
N5:2151,descartada,N5,少し休みましょうか。,¿Descansamos un poco?,Vocabulario central muy repetido o variante de un contexto ya suficientemente representado; escasa aportación adicional.,"{""休む"": 19, ""少し"": 143}",水を飲みましょうか。
N5:2152,descartada,N5,いっしょに駅前の図書館で勉強しませんか。,¿Estudiamos juntos en la biblioteca frente a la estación?,Vocabulario central muy repetido o variante de un contexto ya suficientemente representado; escasa aportación adicional.,"{""いっしょ"": 31, ""する"": 871, ""勉強"": 111, ""図書館"": 48, ""駅前"": 9}",いっしょに図書館で日本語を勉強しませんか。
N5:2153,descartada,N5,残業より早帰りのほうがいい。,Salir antes es mejor que hacer horas extra.,Vocabulario central muy repetido o variante de un contexto ya suficientemente representado; escasa aportación adicional.,"{""いい"": 70, ""早帰り"": 0, ""残業"": 25}",残業より早く帰るほうがいいです。
N5:2154,descartada,N5,毎日連絡するから、関係がよくなります。,"Como me pongo en contacto cada día, la relación mejora.",Vocabulario central muy repetido o variante de un contexto ya suficientemente representado; escasa aportación adicional.,"{""する"": 871, ""なる"": 125, ""よく"": 54, ""毎日"": 74, ""連絡"": 20, ""関係"": 27}",例えば、毎日連絡しすぎると、関係が悪くなることもあります。
N5:2155,descartada,N5,映画の前にご飯を食べて、後で友だちに会います。,Antes de la película como y luego veo a un amigo.,Vocabulario central muy repetido o variante de un contexto ya suficientemente representado; escasa aportación adicional.,"{""ご飯"": 40, ""会う"": 31, ""前"": 118, ""友だち"": 126, ""後で"": 5, ""映画"": 78, ""食べる"": 129}",旅行の前に切符を買って、後で友だちに会います。
N5:2156,aceptada,N4,もう花は咲きましたが、まだ葉は少ないです。,"Las flores ya han florecido, pero las hojas todavía son pocas.",Aporta un uso natural de vocabulario poco representado en el banco.,"{""まだ"": 85, ""もう"": 88, ""咲く"": 2, ""少ない"": 11, ""花"": 16, ""葉"": 3}",もう宿題は終わりましたか。まだです。
N5:2157,descartada,N5,この店へよく行きますか。,¿Vas a esta tienda a menudo?,Vocabulario central muy repetido o variante de un contexto ya suficientemente representado; escasa aportación adicional.,"{""この"": 796, ""よく"": 54, ""店"": 127, ""行く"": 223}",この店はよく混みますか。
N5:2158,descartada,N5,友だちにアプリを三つ送りました。,Le envié tres aplicaciones a un amigo.,Lecturas que no coinciden con el texto y están fuera de orden.,"{""アプリ"": 66, ""三つ"": 14, ""友だち"": 126, ""送る"": 20}",友だちにメールを三通送りました。
N5:2159,descartada,N5,だれが来たのですか。だれも来ませんでした。,¿Quién vino? No vino nadie.,Vocabulario central muy repetido o variante de un contexto ya suficientemente representado; escasa aportación adicional.,"{""だれ"": 29, ""来る"": 59}",だれも来ませんでした。
N5:2160,aceptada,N3,日本の祭りでは、神社の前に屋台が並び、夜になるととてもにぎやかになる。,"En los festivales japoneses, los puestos se alinean delante del santuario y por la noche se anima mucho.",Aporta un uso natural de vocabulario poco representado en el banco.,"{""とても"": 34, ""なる"": 125, ""にぎやか"": 3, ""並ぶ"": 2, ""前"": 118, ""夜"": 14, ""屋台"": 0, ""神社"": 4, ""祭り"": 70}",日本の祭りの音楽はとてもにぎやかです。
N5:2161,descartada,N5,今日はスーパーで牛乳を買います。,Hoy voy a comprar leche en el supermercado.,Vocabulario central muy repetido o variante de un contexto ya suficientemente representado; escasa aportación adicional.,"{""スーパー"": 26, ""今日"": 138, ""牛乳"": 6, ""買う"": 121}",スーパーに着いたら牛乳を買います。
N5:2162,aceptada,N3,うちでは猫が窓辺で寝ています。,"En casa, el gato está durmiendo junto a la ventana.",Aporta un uso natural de vocabulario poco representado en el banco.,"{""うち"": 37, ""寝る"": 16, ""猫"": 7, ""窓辺"": 1}",うちには猫がいます。
N5:2163,descartada,N5,朝ごはんにパンを食べますか。,¿Comes pan en el desayuno?,Vocabulario central muy repetido o variante de un contexto ya suficientemente representado; escasa aportación adicional.,"{""ごはん"": 15, ""パン"": 28, ""朝"": 40, ""食べる"": 129}",晩ごはんに何を食べますか。
N5:2164,descartada,N5,明日友だちとデパートへ靴を買いに行きます。,Mañana voy con un amigo a los grandes almacenes a comprar zapatos.,Vocabulario central muy repetido o variante de un contexto ya suficientemente representado; escasa aportación adicional.,"{""デパート"": 12, ""友だち"": 126, ""明日"": 36, ""行く"": 223, ""買う"": 121, ""靴"": 26}",明日、駅前の店へ友だちにプレゼントを買いに行きます。
N5:2165,descartada,N5,電車ではありません。,No es en tren.,Vocabulario central muy repetido o variante de un contexto ya suficientemente representado; escasa aportación adicional.,"{""ある"": 381, ""電車"": 91}",法律ではありません。
N5:2166,descartada,N5,友だちと行くと安心です。,"Cuando voy con un amigo, me quedo tranquilo.",Vocabulario central muy repetido o variante de un contexto ya suficientemente representado; escasa aportación adicional.,"{""友だち"": 126, ""安心"": 25, ""行く"": 223}",友だちと行くから、安いです。
N5:2167,descartada,N5,朝から夜までスマホを見ます。,Miro el móvil desde la mañana hasta la noche.,Vocabulario central muy repetido o variante de un contexto ya suficientemente representado; escasa aportación adicional.,"{""スマホ"": 51, ""夜"": 14, ""朝"": 40, ""見る"": 158}",朝から夜までスマホを使います。
N5:2168,descartada,N5,毎晩机の上のノートで漢字を復習します。,Cada noche repaso los kanji en el cuaderno de la mesa.,Vocabulario central muy repetido o variante de un contexto ya suficientemente representado; escasa aportación adicional.,"{""する"": 871, ""ノート"": 36, ""復習"": 18, ""机"": 17, ""毎晩"": 15, ""漢字"": 44}",毎晩ノートを見て、漢字を練習して、少しずつ覚えます。
N5:2169,descartada,N5,あなたも残業しますか。,¿Tú también haces horas extra?,Vocabulario central muy repetido o variante de un contexto ya suficientemente representado; escasa aportación adicional.,"{""あなた"": 7, ""する"": 871, ""残業"": 25}",あなたも映画を見ますか。
N5:2170,descartada,N5,あとで一緒にラーメンを食べませんか。,¿Comemos ramen juntos después?,Lecturas que no coinciden con el texto.,"{""あと"": 23, ""ラーメン"": 5, ""一緒"": 26, ""食べる"": 129}",一緒にご飯を食べませんか。
N5:2171,aceptada,N5,ここにはベンチがありません。,Aquí no hay bancos.,Aporta un uso natural de vocabulario poco representado en el banco.,"{""ある"": 381, ""ここ"": 108, ""ベンチ"": 1}",ここにパンがありません。
N5:2172,descartada,N5,山の道は長いですが、景色がとてもきれいです。,"El camino de la montaña es largo, pero el paisaje es muy bonito.",Lectura incorrecta de 景色.,"{""きれい"": 29, ""とても"": 34, ""山"": 37, ""景色"": 9, ""道"": 20, ""長い"": 16}",山は高いです。でも、景色がきれいです。
N5:2173,descartada,N5,この受付は静かです。,Este mostrador está tranquilo.,Lectura incompleta de 受付.,"{""この"": 796, ""受付"": 5, ""静か"": 47}",この店は静かです。
N5:2174,descartada,N5,スマホを充電して、明日使います。,Cargo el móvil y lo usaré mañana.,Lectura incorrecta de 明日.,"{""する"": 871, ""スマホ"": 51, ""使う"": 78, ""充電"": 3, ""明日"": 36}",スマホを充電して使います。
N5:2175,descartada,N5,会場で静かにしてくださいませんか。,¿Podría guardar silencio en el recinto?,Vocabulario central muy repetido o variante de un contexto ya suficientemente representado; escasa aportación adicional.,"{""する"": 871, ""会場"": 5, ""静か"": 47}",図書館では静かにしてください。
N5:2176,descartada,N5,この神社で写真を撮ってもいいですか。,¿Puedo sacar fotos en este santuario?,Vocabulario central muy repetido o variante de un contexto ya suficientemente representado; escasa aportación adicional.,"{""この"": 796, ""写真"": 73, ""撮る"": 44, ""神社"": 4}",この公園で写真を撮ってもいいですか。
N5:2177,aceptada,N4,ここで歌ってはいけない。,No se puede cantar aquí.,Aporta un uso natural de vocabulario poco representado en el banco.,"{""ここ"": 108, ""歌う"": 1}",ここで降りてはいけない。
N5:2178,aceptada,N4,鍵がないから入れない。,No puedo entrar porque no tengo la llave.,Aporta un uso natural de vocabulario poco representado en el banco.,"{""ない"": 34, ""入れる"": 18, ""鍵"": 2}",お金がないから、旅行に行かない。
N5:2179,descartada,N5,昨日、カレーを食べた。,Ayer comí curry.,Duplicado semántico y lectura incorrecta de 昨日.,"{""カレー"": 13, ""昨日"": 40, ""食べる"": 129}",昨日カレーを食べました。
N5:2180,descartada,N5,私はこの店で新しいかばんを買いたいです。,Quiero comprar un bolso nuevo en esta tienda.,Vocabulario central muy repetido o variante de un contexto ya suficientemente representado; escasa aportación adicional.,"{""かばん"": 41, ""この"": 796, ""店"": 127, ""新しい"": 70, ""私"": 124, ""買う"": 121}",駅の前の店で新しいかばんを買いたいです。
N5:2181,descartada,N5,電車で行きましょうか。,¿Vamos en tren?,Vocabulario central muy repetido o variante de un contexto ya suficientemente representado; escasa aportación adicional.,"{""行く"": 223, ""電車"": 91}",電車でも行きますか。
N5:2182,descartada,N5,今度の旅行に一緒に行きませんか。,¿Te gustaría ir conmigo al próximo viaje?,Vocabulario central muy repetido o variante de un contexto ya suficientemente representado; escasa aportación adicional.,"{""一緒"": 26, ""今度"": 21, ""旅行"": 82, ""行く"": 223}",次の旅行には、是非一緒に行きませんか。
N5:2183,descartada,N5,熱があるときは、走るより歩いたほうがいいです。,"Cuando tienes fiebre, es mejor caminar que correr.",Vocabulario central muy repetido o variante de un contexto ya suficientemente representado; escasa aportación adicional.,"{""ある"": 381, ""いい"": 70, ""歩く"": 38, ""熱"": 14, ""走る"": 5}",熱があります。今日は休んだほうがいいです。
N5:2184,descartada,N5,毎晩遅くまで勉強するから、今日は早く寝ます。,"Como estudio hasta tarde cada noche, hoy me acuesto pronto.",Vocabulario central muy repetido o variante de un contexto ya suficientemente representado; escasa aportación adicional.,"{""する"": 871, ""今日"": 138, ""勉強"": 111, ""寝る"": 16, ""早い"": 47, ""毎晩"": 15, ""遅い"": 6}",頭が痛いです。ですから、今日は早く帰ります。
N5:2185,descartada,N5,仕事の後で散歩します。,Después del trabajo doy un paseo.,Vocabulario central muy repetido o variante de un contexto ya suficientemente representado; escasa aportación adicional.,"{""する"": 871, ""仕事"": 133, ""散歩"": 23}",仕事の後で犬と散歩します。
N5:2186,descartada,N5,まだ彼女と話していません。,Todavía no he hablado con ella.,Vocabulario central muy repetido o variante de un contexto ya suficientemente representado; escasa aportación adicional.,"{""まだ"": 85, ""彼女"": 67, ""話す"": 54}",飛行機はまだ着陸していません。
N5:2187,descartada,N5,どのくらい映画を見ますか。,¿Con qué frecuencia ves películas?,Vocabulario central muy repetido o variante de un contexto ya suficientemente representado; escasa aportación adicional.,"{""どの"": 7, ""映画"": 78, ""見る"": 158}",どのくらい運動しますか。
N5:2188,descartada,N5,公園で友だちと鳥を三羽見ました。,Vi tres pájaros con un amigo en el parque.,Vocabulario central muy repetido o variante de un contexto ya suficientemente representado; escasa aportación adicional.,"{""公園"": 49, ""友だち"": 126, ""見る"": 158, ""鳥"": 13}",きのう大きい公園で鳥を三羽見ました。
N5:2189,descartada,N5,窓口はどこですか。,¿Dónde está la ventanilla?,Vocabulario central muy repetido o variante de un contexto ya suficientemente representado; escasa aportación adicional.,"{""どこ"": 22, ""窓口"": 29}",生まれはどこですか。
N5:2190,descartada,N5,スマホは机の上にあるから、すぐ使えます。,"Como el móvil está sobre la mesa, puedo usarlo enseguida.",Vocabulario central muy repetido o variante de un contexto ya suficientemente representado; escasa aportación adicional.,"{""ある"": 381, ""すぐ"": 33, ""スマホ"": 51, ""使える"": 15, ""机"": 17}",スマホは机の上にあります。
N5:2191,descartada,N5,この町では電車が便利です。,"En esta ciudad, el tren es práctico.",Vocabulario central muy repetido o variante de un contexto ya suficientemente representado; escasa aportación adicional.,"{""この"": 796, ""便利"": 32, ""町"": 54, ""電車"": 91}",この制度は便利です。
N5:2192,descartada,N5,日本の茶道は静かな動きが多いです。,La ceremonia del té japonesa tiene muchos movimientos tranquilos.,Vocabulario central muy repetido o variante de un contexto ya suficientemente representado; escasa aportación adicional.,"{""動き"": 3, ""多い"": 24, ""茶道"": 9, ""静か"": 47}",この歌は独特な表現が多いです。
N5:2193,aceptada,N5,ごみを出す？,¿Sacas la basura?,Aporta un uso natural de vocabulario poco representado en el banco.,"{""ごみ"": 4, ""出す"": 12}",会議のなかで答えを出します。
N5:2194,descartada,N5,母の家へプレゼントを持って行きます。,Llevo un regalo a casa de mi madre.,Lecturas fuera del orden del texto.,"{""プレゼント"": 5, ""家"": 95, ""持つ"": 14, ""母"": 40}",友だちの家へケーキを持って行きます。
N5:2195,descartada,N5,家でパンは食べません。,No como pan en casa.,Vocabulario central muy repetido o variante de un contexto ya suficientemente representado; escasa aportación adicional.,"{""パン"": 28, ""家"": 95, ""食べる"": 129}",家族で食べません。
N5:2196,descartada,N5,この店は安いと有名なので、いつも人が多いです。,"Esta tienda es famosa por ser barata, así que siempre hay mucha gente.",Vocabulario central muy repetido o variante de un contexto ya suficientemente representado; escasa aportación adicional.,"{""いつも"": 3, ""この"": 796, ""人"": 73, ""多い"": 24, ""安い"": 52, ""店"": 127, ""有名"": 6}",この店は安いですが、人気の商品が多いです。
N5:2197,descartada,N5,駅から港まで歩きます。,Voy andando de la estación al puerto.,Vocabulario central muy repetido o variante de un contexto ya suficientemente representado; escasa aportación adicional.,"{""歩く"": 38, ""港"": 3, ""駅"": 97}",駅から家まで歩きます。
N5:2198,descartada,N5,旅行の荷物の確認をします。,Compruebo el equipaje del viaje.,Lectura incorrecta de 旅行.,"{""する"": 871, ""旅行"": 82, ""確認"": 33, ""荷物"": 11}",息子の荷物を預けます。
N5:2199,descartada,N5,今朝は頭も痛いですか。,¿También te duele la cabeza esta mañana?,Lectura incorrecta de 今朝.,"{""今朝"": 2, ""痛い"": 11, ""頭"": 6}",なぜ頭が痛いですか。
N5:2200,descartada,N5,毎朝電車で勉強するのかと友だちに聞きました。,Le pregunté a un amigo si estudia cada mañana en el tren.,Vocabulario central muy repetido o variante de un contexto ya suficientemente representado; escasa aportación adicional.,"{""する"": 871, ""勉強"": 111, ""友だち"": 126, ""毎朝"": 26, ""聞く"": 72, ""電車"": 91}",勉強に関する相談を友だちにしました。
N5:2201,aceptada,N4,事務所に人がいません。,No hay nadie en la oficina.,Aporta un uso natural de vocabulario poco representado en el banco.,"{""いる"": 64, ""事務所"": 2, ""人"": 73}",会場には人がいません。
N5:2202,descartada,N5,やさしい人だから、安心できます。,"Como es una persona amable, me siento tranquilo.",Lectura incorrecta de 安心 y duplicado semántico.,"{""できる"": 81, ""やさしい"": 3, ""人"": 73, ""安心"": 25}",あの人はやさしいから、安心します。
N5:2203,descartada,N5,この公園はにぎやかだ。,Este parque es animado.,Vocabulario central muy repetido o variante de un contexto ya suficientemente representado; escasa aportación adicional.,"{""この"": 796, ""にぎやか"": 3, ""公園"": 49}",この部屋は静かだ。
N5:2204,aceptada,N3,公園の木が揺れて、鳥が鳴いています。,Los árboles del parque se mecen y los pájaros cantan.,Aporta un uso natural de vocabulario poco representado en el banco.,"{""公園"": 49, ""揺れる"": 0, ""木"": 13, ""鳥"": 13, ""鳴く"": 2}",山は静かですが、鳥がよく鳴いています。
N5:2205,descartada,N5,ここで待ってください。,"Espere aquí, por favor.",Vocabulario central muy repetido o variante de un contexto ya suficientemente representado; escasa aportación adicional.,"{""ここ"": 108, ""待つ"": 14}",仕事中はここで待ってください。
N5:2206,descartada,N5,このスマホを使ってもいいです。,Puedes usar este móvil.,Vocabulario central muy repetido o variante de un contexto ya suficientemente representado; escasa aportación adicional.,"{""この"": 796, ""スマホ"": 51, ""使う"": 78}",このスマホを使ってもいいですか。
N5:2207,aceptada,N4,ここでゴミを捨ててはいけない。,No se puede tirar basura aquí.,Aporta un uso natural de vocabulario poco representado en el banco.,"{""ここ"": 108, ""ゴミ"": 1, ""捨てる"": 3}",ここで降りてはいけない。
N4:2246,descartada,N4,旅行に行く決心をしました。,Tomé la decisión de ir de viaje.,Lectura incorrecta de 旅行 e incompleta de 行く.,"{""する"": 871, ""旅行"": 82, ""決心"": 0, ""行く"": 223}",旅行中に景色を観察しました。
N4:2247,descartada,N4,この町の住人は健康ですか。,¿Los habitantes de este pueblo están sanos?,Vocabulario central muy repetido o variante de un contexto ya suficientemente representado; escasa aportación adicional.,"{""この"": 796, ""住人"": 0, ""健康"": 22, ""町"": 54}",この町の人は親切です。
N4:2248,descartada,N4,未知のこともみんなで話し合えば、少しずつ分かります。,"Si hablamos entre todos de lo desconocido, poco a poco lo entendemos.",Lecturas fuera del orden del texto.,"{""みんな"": 34, ""分かる"": 50, ""少し"": 143, ""未知"": 0, ""話し合う"": 3}",みんなで協力して障害をこえます。
N4:2249,aceptada,N3,ここは国立の研究所ではありません。,Aquí no es un instituto nacional de investigación.,Aporta un uso natural de vocabulario poco representado en el banco.,"{""ある"": 381, ""ここ"": 108, ""国立"": 0, ""研究所"": 0}",これは国防の話ではありません。
N4:2250,aceptada,N1,彼らが共謀していたから、信頼できませんでした。,"Como conspiraban, no pude confiar en ellos.",Aporta un uso natural de vocabulario poco representado en el banco.,"{""する"": 871, ""できる"": 81, ""信頼"": 6, ""共謀"": 0, ""彼ら"": 1}",期待していたのに、会えませんでした。
N4:2251,aceptada,N2,その芸人は本名をまだ明かしていません。,Ese humorista aún no ha revelado su nombre real.,Aporta un uso natural de vocabulario poco representado en el banco.,"{""その"": 117, ""まだ"": 85, ""明かす"": 0, ""本名"": 0, ""芸人"": 0}",その事項はまだ確認していません。
N4:2252,descartada,N4,この雲の写真では、ここで見た景色が本物だとは証明できません。,"Con esta foto de las nubes, no se puede probar que el paisaje visto aquí fuera real.",Vocabulario central muy repetido o variante de un contexto ya suficientemente representado; escasa aportación adicional.,"{""ここ"": 108, ""この"": 796, ""できる"": 81, ""写真"": 73, ""景色"": 9, ""本物"": 2, ""見る"": 158, ""証明"": 1, ""雲"": 2}",ここへの侵入はできません。
N4:2253,aceptada,N3,そのツールは無料ですか。,¿Esa herramienta es gratis?,Aporta un uso natural de vocabulario poco representado en el banco.,"{""その"": 117, ""ツール"": 0, ""無料"": 2}",その銅は何ですか。
N4:2254,aceptada,N2,彼は会社で大事な役割を果たします。,Él cumple un papel importante en la empresa.,Aporta un uso natural de vocabulario poco representado en el banco.,"{""会社"": 70, ""大事"": 12, ""役割"": 2, ""彼"": 64, ""果たす"": 0}",会社で料理をします
N4:2255,aceptada,N2,それはニュースではなく、広告コンテンツです。,"Eso no es una noticia, sino contenido publicitario.",Aporta un uso natural de vocabulario poco representado en el banco.,"{""それ"": 73, ""コンテンツ"": 0, ""ニュース"": 12, ""広告"": 1}",ニュースでは、あの橋は古くて危ないそうです。
N4:2256,descartada,N4,この本は面白いですが、著者があとがきで理由を説明しています。,"Este libro es interesante, pero el autor explica el motivo en el posfacio.",Contraste y motivo sin conexión clara con el resto de la oración.,"{""あとがき"": 0, ""この"": 796, ""する"": 871, ""本"": 79, ""理由"": 4, ""著者"": 0, ""説明"": 29, ""面白い"": 9}",この仕事の規模は大きいですが、内容にはとても満足しています。
N4:2257,descartada,N4,この機能がコアです。,Esta función es el núcleo.,Vocabulario central muy repetido o variante de un contexto ya suficientemente representado; escasa aportación adicional.,"{""この"": 796, ""コア"": 0, ""機能"": 6}",この機械は子どもが対象です。
N4:2258,descartada,N2,古い棚を分解して、部屋を広くしました。,Desmonté una estantería vieja y la habitación quedó más amplia.,Lectura incorrecta de 部屋 (ぶや en vez de へや).,"{""する"": 871, ""分解"": 0, ""古い"": 25, ""広い"": 8, ""棚"": 3, ""部屋"": 65}",借りた本を汚してしまいました。
N4:2259,descartada,N4,この機械を置く敷地はもう決まりましたか。,¿Ya se ha decidido el terreno donde colocar esta máquina?,Vocabulario central muy repetido o variante de un contexto ya suficientemente representado; escasa aportación adicional.,"{""この"": 796, ""もう"": 88, ""敷地"": 0, ""機械"": 9, ""決まる"": 3, ""置く"": 7}",この漫画はもう弟に読まれましたか。
N4:2260,descartada,N4,この店では、居住証明を見せると地域限定の配達料が安くなります。,"En esta tienda, si enseñas un justificante de residencia, el envío de la zona sale más barato.",Vocabulario central muy repetido o variante de un contexto ya suficientemente representado; escasa aportación adicional.,"{""この"": 796, ""なる"": 125, ""地域"": 29, ""安い"": 52, ""居住"": 0, ""店"": 127, ""見せる"": 26, ""証明"": 1, ""配達"": 1, ""限定"": 2}",この祭りを見ると、日本の文化がよく分かります。
N4:2261,descartada,N4,その料金は膨大じゃないよ。,Esa tarifa no es enorme.,Combinación poco natural de 料金 con 膨大.,"{""その"": 117, ""料金"": 10, ""膨大"": 0}",それは間違いじゃないよ。
N4:2262,descartada,N4,荷物を減らしたので、適切な服を一枚だけ持って行きました。,"Como reduje el equipaje, llevé solo una prenda adecuada.",Vocabulario central muy repetido o variante de un contexto ya suficientemente representado; escasa aportación adicional.,"{""持つ"": 14, ""服"": 13, ""減らす"": 6, ""荷物"": 11, ""適切"": 0}",入院した祖母に、花と手紙を持って行きました。
N4:2263,descartada,N4,健康目標を遂行するには、無理のない計画が必要です。,"Para llevar a cabo un objetivo de salud, hace falta un plan razonable.",Combinación poco natural de objetivo con 遂行.,"{""する"": 871, ""ない"": 34, ""健康"": 22, ""必要"": 38, ""無理"": 6, ""目標"": 2, ""計画"": 6, ""遂行"": 1}",自然を守るには、倫理だけでなく、日々の行動も必要です。
N4:2264,descartada,N4,授業のあと、資料を借りた研究室を訪問して質問しました。,"Después de clase, visité el laboratorio donde había pedido prestado material y pregunté.",Vocabulario central muy repetido o variante de un contexto ya suficientemente representado; escasa aportación adicional.,"{""あと"": 23, ""する"": 871, ""借りる"": 8, ""授業"": 16, ""研究"": 8, ""訪問"": 1, ""資料"": 49, ""質問"": 12}",借りた本を汚してしまいました。
N4:2265,descartada,N4,皆さん、明日の会議は何時ですか。,"Todos, ¿a qué hora es la reunión de mañana?",Vocabulario central muy repetido o variante de un contexto ya suficientemente representado; escasa aportación adicional.,"{""会議"": 29, ""明日"": 36, ""皆さん"": 2}",今日の集合は何時ですか。
N4:2266,descartada,N4,彼は会議で指揮をとります。,Él dirige la reunión.,Vocabulario central muy repetido o variante de un contexto ya suficientemente representado; escasa aportación adicional.,"{""とる"": 3, ""会議"": 29, ""彼"": 64, ""指揮"": 1}",彼は会社で大事な役割を果たします。
N4:2267,aceptada,N2,この商品は大量生産ではありません。,Este producto no es de producción en masa.,Aporta un uso natural de vocabulario poco representado en el banco.,"{""ある"": 381, ""この"": 796, ""商品"": 19, ""大量"": 2, ""生産"": 1}",この作品はきれいではありません。
N4:2269,aceptada,N1,神経が過敏です。,Tengo los nervios a flor de piel.,Aporta un uso natural de vocabulario poco representado en el banco.,"{""神経"": 1, ""過敏"": 0}",最近、肩の神経が痛みます。
N4:2270,descartada,N4,この新しい建設プロジェクトは来月始まります。,Este nuevo proyecto de construcción empezará el mes que viene.,Lectura incorrecta de 来月.,"{""この"": 796, ""プロジェクト"": 1, ""始まる"": 13, ""建設"": 1, ""新しい"": 70, ""来月"": 40}",このプロジェクトは私のタイプではありません。
N4:2271,aceptada,N4,駅前の信号は今、青ですか、赤ですか。,¿El semáforo frente a la estación está ahora en verde o en rojo?,Aporta un uso natural de vocabulario poco representado en el banco.,"{""今"": 54, ""信号"": 3, ""赤"": 1, ""青"": 0, ""駅前"": 9}",あの交差点の信号は赤です。
N4:2272,descartada,N4,この地区の祭りに参加して、近所の人たちに挨拶しました。,Participé en el festival de este distrito y saludé a los vecinos.,Lectura incorrecta de 近所.,"{""この"": 796, ""する"": 871, ""人"": 73, ""参加"": 29, ""地区"": 1, ""挨拶"": 1, ""祭り"": 70, ""近所"": 8}",この祭りの仕組みを知りたくて、運営の人に説明をお願いしました。
N4:2273,aceptada,N3,暴力は絶対にだめです。,La violencia es absolutamente inaceptable.,Aporta un uso natural de vocabulario poco representado en el banco.,"{""だめ"": 2, ""暴力"": 1, ""絶対"": 4}",その行為は仕事ではだめです。
N4:2274,descartada,N4,うちでは宗教によって食べ物が違います。,"En casa, la comida cambia según la religión.",Vocabulario central muy repetido o variante de un contexto ya suficientemente representado; escasa aportación adicional.,"{""うち"": 37, ""宗教"": 1, ""違う"": 17, ""食べ物"": 2}",この町では、曜日によって出せるごみが違います。
N4:2275,descartada,N4,この料理は集団で食べるのに向いています。,Este plato es adecuado para comerlo en grupo.,Vocabulario central muy repetido o variante de un contexto ya suficientemente representado; escasa aportación adicional.,"{""この"": 796, ""向く"": 2, ""料理"": 37, ""集団"": 1, ""食べる"": 129}",この企業で毎日働いています。
N4:2276,descartada,N4,セール前に緊張して、店員にうまく聞けませんでした。,"Antes de las rebajas, me puse nervioso y no pude preguntar bien al dependiente.",Lecturas fuera del orden del texto.,"{""うまい"": 3, ""する"": 871, ""セール"": 10, ""前"": 118, ""店員"": 27, ""緊張"": 2, ""聞ける"": 0}",セールの日に行ったのに、欲しい服がもうありませんでした。
N4:2277,aceptada,N3,価格はいくらですか。,¿Cuál es el precio?,Aporta un uso natural de vocabulario poco representado en el banco.,"{""いくら"": 15, ""価格"": 1}",このかばんはいくらですか。
N4:2278,aceptada,N2,海外旅行のビザを取得しました。,He obtenido el visado para viajar al extranjero.,Aporta un uso natural de vocabulario poco representado en el banco.,"{""する"": 871, ""ビザ"": 0, ""取得"": 1, ""旅行"": 82, ""海外"": 3}",旅行の写真を見ました。
N4:2279,descartada,N4,熱がないので、自宅でゆっくり休んでいます。,"No tengo fiebre, así que estoy descansando tranquilamente en casa.",Vocabulario central muy repetido o variante de un contexto ya suficientemente representado; escasa aportación adicional.,"{""ない"": 34, ""ゆっくり"": 16, ""休む"": 19, ""熱"": 14, ""自宅"": 1}",今日はあまり具合がよくないので、家でゆっくり休みます。
N4:2280,aceptada,N3,返事が遅れたので、勉強に集中できませんでした。,"Como la respuesta se retrasó, no pude concentrarme en el estudio.",Aporta un uso natural de vocabulario poco representado en el banco.,"{""できる"": 81, ""勉強"": 111, ""返事"": 1, ""遅れる"": 13, ""集中"": 6}",勉強の最中に電話が鳴ったので、集中できませんでした。
N4:2281,aceptada,N2,私はその案を支持します。,Yo apoyo esa propuesta.,Aporta un uso natural de vocabulario poco representado en el banco.,"{""する"": 871, ""その"": 117, ""支持"": 1, ""案"": 3, ""私"": 124}",私は人の徳を大切にします。
N4:2282,descartada,N4,買い物をしました。その後、喫茶店で休みました。,"Hice unas compras; después de eso, descansé en una cafetería.",Lectura incorrecta de 喫茶店.,"{""する"": 871, ""その後"": 1, ""休む"": 19, ""喫茶店"": 0, ""買い物"": 28}",毎朝病院で買い物をしました
N4:2283,aceptada,N3,休みの日に化学の本を読むことがあるの？,¿Lees a veces libros de química en tu tiempo libre?,Aporta un uso natural de vocabulario poco representado en el banco.,"{""ある"": 381, ""休み"": 21, ""化学"": 1, ""本"": 79, ""読む"": 71}",いいえ、休みの日も働くことがあります。
N4:2284,descartada,N4,本日は自然公園の清掃にご協力いただき、ありがとうございます。,"Hoy, gracias por colaborar en la limpieza del parque natural.",Vocabulario central muy repetido o variante de un contexto ya suficientemente representado; escasa aportación adicional.,"{""いただく"": 2, ""公園"": 49, ""協力"": 2, ""本日"": 1, ""清掃"": 9, ""自然"": 17}",ご協力ありがとうございます。
N4:2285,descartada,N4,いいえ、具合は悪くないです。,"No, no me encuentro mal.",Lectura incompleta de 具合.,"{""具合"": 1, ""悪い"": 16}",現実は楽しくないです。
N4:2286,descartada,N4,その発表は見事だったので、予定より早く終わりました。,"La presentación fue espléndida, así que terminó antes de lo previsto.",Causalidad poco coherente entre ser espléndida y terminar antes.,"{""その"": 117, ""予定"": 29, ""早い"": 47, ""発表"": 5, ""終わる"": 29, ""見事"": 1}",山道が急だったので、私たちはゆっくり上りました。
N4:2287,descartada,N2,私はその案に同意します。,Estoy de acuerdo con esa propuesta.,"Demasiado próxima a 私はその案を支持します, elegida en esta misma tanda.","{""する"": 871, ""その"": 117, ""同意"": 1, ""案"": 3, ""私"": 124}",私はその案を支持します。
N4:2288,descartada,N4,彼の冗談は少し変だったけど、私は平気で笑えました。,"Su broma fue un poco rara, pero me lo tomé con calma y pude reírme.",Vocabulario central muy repetido o variante de un contexto ya suficientemente representado; escasa aportación adicional.,"{""冗談"": 1, ""変"": 2, ""少し"": 143, ""平気"": 1, ""彼"": 64, ""私"": 124, ""笑える"": 0}",休日に部屋の配置を少し変えてみました。
N4:2289,aceptada,N4,ここにいろんな味があるの？,¿Hay diferentes sabores aquí?,Aporta un uso natural de vocabulario poco representado en el banco.,"{""ある"": 381, ""いろんな"": 1, ""ここ"": 108, ""味"": 5}",なんでここにいんだよ。
N4:2290,descartada,N4,家で昨日撮った画像を家族に見せたよ。,En casa les enseñé la imagen que tomé ayer a mi familia.,Vocabulario central muy repetido o variante de un contexto ya suficientemente representado; escasa aportación adicional.,"{""家"": 95, ""家族"": 31, ""撮る"": 44, ""昨日"": 40, ""画像"": 1, ""見せる"": 26}",お祭りで写真を三枚撮って、友だちに見せました。
N4:2291,descartada,N4,それは国内の料理じゃなくて、海外の料理だ。,Eso no es comida nacional; es comida extranjera.,Vocabulario central muy repetido o variante de un contexto ya suficientemente representado; escasa aportación adicional.,"{""それ"": 73, ""国内"": 1, ""料理"": 37, ""海外"": 3}",それは公共じゃなくて、民間のものです。
N4:2292,aceptada,N3,値札を見なかったので、値段を誤解して高いほうを買ってしまった。,"Como no vi la etiqueta, entendí mal el precio y acabé comprando la más cara.",Aporta un uso natural de vocabulario poco representado en el banco.,"{""する"": 871, ""値札"": 1, ""値段"": 13, ""見る"": 158, ""誤解"": 1, ""買う"": 121, ""高い"": 43}",デパートで服を見たり、値段を比べたりして、安い靴も買いました。
N4:2293,descartada,N4,駅前は駐車できません。,En la plaza de la estación no se puede aparcar.,Vocabulario central muy repetido o variante de un contexto ya suficientemente representado; escasa aportación adicional.,"{""できる"": 81, ""駅前"": 9, ""駐車"": 1}",電車で行きません。
N4:2294,aceptada,N2,この駅は立派で、旅行気分が高まりました。,Esta estación es espléndida y me entró el espíritu viajero.,Aporta un uso natural de vocabulario poco representado en el banco.,"{""この"": 796, ""旅行"": 82, ""気分"": 5, ""立派"": 1, ""駅"": 97, ""高まる"": 0}",この電車で殺人事件がありましたか。
N4:2295,aceptada,N2,このあざは拡大していますか。,¿Este moratón se está extendiendo?,Aporta un uso natural de vocabulario poco representado en el banco.,"{""あざ"": 0, ""この"": 796, ""する"": 871, ""拡大"": 1}",この町の若者は何をしていますか。
N4:2296,aceptada,N2,研究の行方について、みんなで意見を交換しました。,Intercambiamos opiniones sobre el rumbo de la investigación.,Aporta un uso natural de vocabulario poco representado en el banco.,"{""する"": 871, ""みんな"": 34, ""交換"": 5, ""意見"": 9, ""研究"": 8, ""行方"": 1}",彼との関係について話しました。
N4:2297,aceptada,N3,資格は必要ありません。,No hace falta ninguna cualificación.,Aporta un uso natural de vocabulario poco representado en el banco.,"{""ある"": 381, ""必要"": 38, ""資格"": 1}",処置は必要ありません。
N4:2298,descartada,N4,先週けんかしたけど、今は仲直りした。,"La semana pasada discutimos, pero ahora nos hemos reconciliado.",Lecturas fuera del orden del texto.,"{""けんか"": 0, ""する"": 871, ""今"": 54, ""仲直り"": 0, ""先週"": 1}",彼の冗談は少し変だったけど、私は平気で笑えました。
N4:2299,aceptada,N2,今日、映画の字幕を修正した。,Hoy he corregido los subtítulos de la película.,Aporta un uso natural de vocabulario poco representado en el banco.,"{""する"": 871, ""今日"": 138, ""修正"": 1, ""字幕"": 0, ""映画"": 78}",木曜日公園で映画を見ました
N4:2300,aceptada,N2,この森の周辺では木材産業が昔からさかんで、今も働く人が多い。,"En los alrededores de este bosque, la industria maderera ha sido próspera desde hace tiempo y todavía trabaja mucha gente.",Aporta un uso natural de vocabulario poco representado en el banco.,"{""この"": 796, ""さかん"": 0, ""人"": 73, ""今"": 54, ""働く"": 46, ""周辺"": 1, ""多い"": 24, ""昔"": 22, ""木材"": 1, ""森"": 42, ""産業"": 1}",この町は水が豊かで、昔から農業がさかんですし、祭りも多いです。
N4:2301,aceptada,N3,三日連続ですか？,¿Son tres días seguidos?,Aporta un uso natural de vocabulario poco representado en el banco.,"{""連続"": 1}",三人以下ですか。
N4:2302,aceptada,N2,このゲームでは兵器の種類が多いです。,En este juego hay muchos tipos de armas.,Aporta un uso natural de vocabulario poco representado en el banco.,"{""この"": 796, ""ゲーム"": 41, ""兵器"": 1, ""多い"": 24, ""種類"": 3}",このゲームは世界観の構築が面白いです。
N4:2303,aceptada,N3,彼はその件について一言も言いませんでした。,No dijo ni una palabra sobre ese asunto.,Aporta un uso natural de vocabulario poco representado en el banco.,"{""その"": 117, ""一言"": 1, ""件"": 1, ""彼"": 64, ""言う"": 41}",彼は私の質問を無視して、何も言いませんでした。
N4:2304,aceptada,N2,その文化は若い世代には人気がありますが、私の世代には少しなじみにくいです。,"Esa cultura es popular entre la generación joven, pero a la mía le resulta algo menos familiar.",Aporta un uso natural de vocabulario poco representado en el banco.,"{""ある"": 381, ""その"": 117, ""なじむ"": 0, ""世代"": 1, ""人気"": 18, ""少し"": 143, ""文化"": 40, ""私"": 124, ""若い"": 2}",この薬は効果がありますが、まだ弱いです。
N4:2305,aceptada,N3,駅前は交通量が多いです。,Delante de la estación hay mucho tráfico.,Aporta un uso natural de vocabulario poco representado en el banco.,"{""交通"": 1, ""多い"": 24, ""駅前"": 9}",京都は寺が多いです。
N4:2306,descartada,N4,この家は連邦の補助で家賃が安い。,Esta vivienda tiene un alquiler barato gracias a la ayuda federal.,Vocabulario central muy repetido o variante de un contexto ya suficientemente representado; escasa aportación adicional.,"{""この"": 796, ""安い"": 52, ""家"": 95, ""家賃"": 1, ""補助"": 1, ""連邦"": 1}",この家は古いですが、医療機関が近いです。
N4:2307,descartada,N4,食べてみて、この味の結論は何？,"Después de probarlo, ¿cuál es tu conclusión sobre el sabor?",Expresión poco natural: conclusión sobre un sabor.,"{""この"": 796, ""何"": 68, ""味"": 5, ""結論"": 1, ""食べる"": 129}",この店の独自の味付けは何ですか。
N4:2308,aceptada,N2,この店でのトラブルについて、昨日見たことを証言してください。,"Sobre el problema de esta tienda, declara lo que viste ayer.",Aporta un uso natural de vocabulario poco representado en el banco.,"{""この"": 796, ""する"": 871, ""トラブル"": 0, ""店"": 127, ""昨日"": 40, ""見る"": 158, ""証言"": 1}",駅に着いたら、電話してください。
N4:2309,descartada,N4,まだバスはでないよ。,El autobús aún no sale.,Vocabulario central muy repetido o variante de un contexto ya suficientemente representado; escasa aportación adicional.,"{""でる"": 0, ""まだ"": 85, ""バス"": 87}",バスはここにない。
N4:2310,aceptada,N2,飛行機の上昇で、窓から街が小さく見えた。,"Por el ascenso del avión, la ciudad se veía pequeña desde la ventana.",Aporta un uso natural de vocabulario poco representado en el banco.,"{""上昇"": 1, ""小さい"": 10, ""窓"": 31, ""街"": 1, ""見える"": 14, ""飛行機"": 7}",飛行機が上昇するのを窓から見ました。
N4:2311,descartada,N4,ウイルスの侵入を防ぐには手洗いが大切だ。,"Para evitar la entrada de virus, lavarse las manos es importante.",Anotaciones duplicadas de la misma aparición de 侵入.,"{""ウイルス"": 1, ""侵入"": 1, ""大切"": 37, ""手洗い"": 0, ""防ぐ"": 3}",旅行の前に健康が大切です。
N4:2312,descartada,N4,部下の報告を整理しながら、毎日勉強しています。,"Mientras organizo los informes de mis subordinados, estudio cada día.",Vocabulario central muy repetido o variante de un contexto ya suficientemente representado; escasa aportación adicional.,"{""する"": 871, ""勉強"": 111, ""報告"": 5, ""整理"": 13, ""部下"": 1}",この事業について、図書館で資料を集めながら毎日勉強しています。
N4:2313,descartada,N4,あっ、もう仕事ですか？,"Ah, ¿ya está trabajando?",Vocabulario central muy repetido o variante de un contexto ya suficientemente representado; escasa aportación adicional.,"{""もう"": 88, ""仕事"": 133}",仕事はもう終わりそうですか。
N4:2314,descartada,N4,私たちは大切な関係を防衛します。,Nosotros defendemos una relación importante.,Uso poco natural de 防衛 para una relación personal.,"{""する"": 871, ""大切"": 37, ""私"": 124, ""関係"": 27, ""防衛"": 1}",私は人の徳を大切にします。
N4:2315,descartada,N4,それはメディアではなくて、雑誌です。,"Eso no es un medio, sino una revista.",Contraste incoherente: una revista también es un medio.,"{""それ"": 73, ""ない"": 34, ""メディア"": 1, ""雑誌"": 2}",それは部品じゃなくて、本体です。
N4:2316,descartada,N4,この山の植物は特殊なので、普通の道では見つかりません。,"Las plantas de esta montaña son especiales, así que no se encuentran en caminos normales.",Vocabulario central muy repetido o variante de un contexto ya suficientemente representado; escasa aportación adicional.,"{""この"": 796, ""山"": 37, ""普通"": 4, ""植物"": 2, ""特殊"": 1, ""見つかる"": 5, ""道"": 20}",その論文は私のではありません。
N4:2317,aceptada,N3,深呼吸をしました。,Respiré hondo.,Aporta un uso natural de vocabulario poco representado en el banco.,"{""する"": 871, ""深呼吸"": 0}",昨日仕事をしました。
N4:2318,aceptada,N2,この新しい機種は性能が優秀です。,Este nuevo modelo tiene un rendimiento excelente.,Aporta un uso natural de vocabulario poco representado en el banco.,"{""この"": 796, ""優秀"": 1, ""性能"": 0, ""新しい"": 70, ""機種"": 0}",この機能がコアです。
N4:2319,aceptada,N3,年齢を聞いてもいいですか。,¿Puedo preguntarte la edad?,Aporta un uso natural de vocabulario poco representado en el banco.,"{""年齢"": 1, ""聞く"": 72}",この部屋で音楽を聞いてもいいですか。
N4:2320,descartada,N4,その時点ではまだ準備中だったので、私は展示室の外で待っていました。,"En ese momento todavía estaba en preparación, así que esperé fuera de la sala de exposiciones.",Lecturas fuera del orden del texto.,"{""その"": 117, ""まだ"": 85, ""外"": 6, ""展示"": 13, ""待つ"": 14, ""時点"": 1, ""準備"": 11, ""私"": 124}",その会は男子だけだと思っていたのに、女子も来ていました。
N4:2321,descartada,N4,航空じゃなくて鉄道です。,"No es aviación, es ferrocarril.",Vocabulario central muy repetido o variante de un contexto ya suficientemente representado; escasa aportación adicional.,"{""航空"": 1, ""鉄道"": 1}",文明じゃなくて文化です。
N4:2322,aceptada,N4,母の世話をしているので、帰りが遅いです。,"Como cuido de mi madre, vuelvo tarde.",Aporta un uso natural de vocabulario poco representado en el banco.,"{""する"": 871, ""世話"": 1, ""帰り"": 5, ""母"": 40, ""遅い"": 6}",彼は金融の仕事をしているので、忙しいです。
N4:2323,aceptada,N2,会議資料の作成を急いでいます。,Estoy preparando deprisa los materiales de la reunión.,Aporta un uso natural de vocabulario poco representado en el banco.,"{""会議"": 29, ""作成"": 1, ""急ぐ"": 3, ""資料"": 49}",部長が資料をくださいます。
N4:2324,aceptada,N2,この店では顧客の要望に合わせて商品を並べています。,En esta tienda colocan los productos según lo que piden los clientes.,Aporta un uso natural de vocabulario poco representado en el banco.,"{""この"": 796, ""並べる"": 0, ""合わせる"": 1, ""商品"": 19, ""店"": 127, ""要望"": 1, ""顧客"": 1}",この店では商品を販売しています。
N4:2325,aceptada,N2,その事故で財産も失いましたか。,¿También perdiste tus bienes en ese accidente?,Aporta un uso natural de vocabulario poco representado en el banco.,"{""その"": 117, ""事故"": 5, ""失う"": 1, ""財産"": 1}",昨日の事故で死者が出ました。
N4:2326,aceptada,N3,この駅では列車の本数が少ないです。,En esta estación pasan pocos trenes.,Aporta un uso natural de vocabulario poco representado en el banco.,"{""この"": 796, ""列車"": 1, ""少ない"": 11, ""本数"": 0, ""駅"": 97}",このゲームでは兵器の種類が多いです。
N4:2327,descartada,N4,これらは健康食品ではありません。,Estos no son alimentos saludables.,健康食品 designa productos dietéticos o de salud; traducción demasiado amplia.,"{""ある"": 381, ""これら"": 1, ""健康"": 22, ""食品"": 0}",これは銅ではありません。
N4:2328,descartada,N4,趣味で日本語を勉強していますが、仕事が忙しいので毎日ではありません。,"Estudio japonés por afición, pero como el trabajo me ocupa, no es todos los días.",Lectura incorrecta de 日本語.,"{""ある"": 381, ""する"": 871, ""仕事"": 133, ""勉強"": 111, ""忙しい"": 32, ""日本語"": 53, ""毎日"": 74, ""趣味"": 1}",毎日日本語を勉強します。
N4:2329,descartada,N4,彼はすぐに賛成を示す。,Él muestra enseguida su aprobación.,Vocabulario central muy repetido o variante de un contexto ya suficientemente representado; escasa aportación adicional.,"{""すぐ"": 33, ""彼"": 64, ""示す"": 1, ""賛成"": 2}",組合はこの措置に賛成です。
N4:2330,aceptada,N3,祖父は村で偉大な人として知られています。,A mi abuelo se le conoce en el pueblo como una gran persona.,Aporta un uso natural de vocabulario poco representado en el banco.,"{""人"": 73, ""偉大"": 1, ""村"": 0, ""知る"": 10, ""祖父"": 5}",祖父は郵便局で働いています。
N4:2331,aceptada,N4,あなたは歌うのが得意ですか。,¿Eres bueno cantando?,Aporta un uso natural de vocabulario poco representado en el banco.,"{""あなた"": 7, ""得意"": 1, ""歌う"": 1}",あなたは大人ですか。
N4:2332,aceptada,N3,その件はみんなで相談して判断してください。,"Sobre ese asunto, consultadlo entre todos y tomad una decisión.",Aporta un uso natural de vocabulario poco representado en el banco.,"{""する"": 871, ""その"": 117, ""みんな"": 34, ""件"": 1, ""判断"": 1, ""相談"": 10}",出発前はロビーで待機してください。
N4:2333,aceptada,N4,先日は失礼しました。,Perdón por el otro día.,Aporta un uso natural de vocabulario poco representado en el banco.,"{""する"": 871, ""先日"": 1, ""失礼"": 0}",初日は少し熱がありました。
N4:2334,aceptada,N3,知り合いが来たので、仕事を少し早く終えました。,"Como vino un conocido, terminé el trabajo un poco antes.",Aporta un uso natural de vocabulario poco representado en el banco.,"{""仕事"": 133, ""少し"": 143, ""早い"": 47, ""来る"": 59, ""知り合い"": 1, ""終える"": 4}",昨日仕事をしました。
N4:2335,aceptada,N2,この業界は変化がとても速いです。,"En este sector, los cambios van muy rápido.",Aporta un uso natural de vocabulario poco representado en el banco.,"{""この"": 796, ""とても"": 34, ""変化"": 4, ""業界"": 1, ""速い"": 14}",この町はとても静かです。
N4:2336,descartada,N4,その祭りは公式に今年で百周年です。,"Oficialmente, ese festival cumple cien años este año.",Vocabulario central muy repetido o variante de un contexto ya suficientemente representado; escasa aportación adicional.,"{""その"": 117, ""今年"": 7, ""公式"": 1, ""祭り"": 70}",この祭りの入場料は最低でも五百円です。
N4:2337,aceptada,N2,まだ説得できますか。,¿Todavía puedes convencerle?,Aporta un uso natural de vocabulario poco representado en el banco.,"{""できる"": 81, ""まだ"": 85, ""説得"": 1}",制御できますか。
N4:2338,aceptada,N2,家のテレビで殺害事件のニュースを見た。,En casa vi una noticia de asesinato por televisión.,Aporta un uso natural de vocabulario poco representado en el banco.,"{""テレビ"": 8, ""ニュース"": 12, ""事件"": 6, ""家"": 95, ""殺害"": 1, ""見る"": 158}",うちで世界のニュースを見ますか。
N4:2339,aceptada,N3,このケーキは甘くない。しかも硬い。,"Este pastel no es dulce; además, está duro.",Aporta un uso natural de vocabulario poco representado en el banco.,"{""この"": 796, ""しかも"": 1, ""ケーキ"": 12, ""甘い"": 7, ""硬い"": 0}",このケーキ、最高においしいです。
N4:2340,descartada,N4,駅に近いアパートは高かったので、少し古いほうを買いました。,"Como el apartamento cerca de la estación era caro, compré uno un poco más viejo.",Vocabulario central muy repetido o variante de un contexto ya suficientemente representado; escasa aportación adicional.,"{""アパート"": 1, ""古い"": 25, ""少し"": 143, ""買う"": 121, ""近い"": 10, ""駅"": 97, ""高い"": 43}",デパートで服を見て、靴も買いました。
N4:2341,descartada,N4,満員電車では心理的に乱れます。,"En un tren lleno, el ánimo se altera.",Combinación poco natural de 心理的に乱れる.,"{""乱れる"": 0, ""心理"": 1, ""満員"": 1, ""電車"": 91}",電車は十分後に来ます。
N4:2342,descartada,N4,家族と英国への旅行を楽しみました。,Disfruté mucho el viaje al Reino Unido con mi familia.,Lectura incorrecta de 旅行.,"{""家族"": 31, ""旅行"": 82, ""楽しむ"": 4}",毎年夏に家族と京都へ旅行します。
N4:2343,descartada,N4,この体温計は自動ですか。,¿Este termómetro es automático?,Vocabulario central muy repetido o variante de un contexto ya suficientemente representado; escasa aportación adicional.,"{""この"": 796, ""体温計"": 0, ""自動"": 0}",この薬は何ですか。
N4:2344,descartada,N4,試験の前に、幸運を願って友だちにお守りを渡しました。,"Antes del examen, le deseé suerte y le di un amuleto a un amigo.",Lecturas fuera del orden del texto.,"{""お守り"": 0, ""前"": 118, ""友だち"": 126, ""幸運"": 1, ""渡す"": 2, ""試験"": 22, ""願う"": 1}",旅行の前に友だちに連絡しました。
N4:2345,descartada,N4,それは名誉ではありません。,Eso no es un honor.,Vocabulario central muy repetido o variante de un contexto ya suficientemente representado; escasa aportación adicional.,"{""ある"": 381, ""それ"": 73, ""名誉"": 1}",それは黄金ではありません。
N4:2346,descartada,N4,結婚の件はまだ申し上げられませんが、気持ちは伝えたいです。,"Sobre el asunto del matrimonio, todavía no puedo decir nada, pero quiero transmitir lo que siento.",Vocabulario central muy repetido o variante de un contexto ya suficientemente representado; escasa aportación adicional.,"{""まだ"": 85, ""件"": 1, ""伝える"": 5, ""気持ち"": 6, ""申し上げる"": 1, ""結婚"": 10}",まだ彼女とはあまり話しませんが、もう友だちです。
N4:2347,aceptada,N2,ここのもつ煮は、寒い日の楽しみです。,Aquí el guiso de casquería es un placer en días fríos.,Aporta un uso natural de vocabulario poco representado en el banco.,"{""ここ"": 108, ""もつ"": 1, ""寒い"": 24, ""楽しみ"": 0, ""煮る"": 5}",これは私のものです。
N4:2348,descartada,N4,この森には、写真の才能を伸ばしたくなります。,En este bosque dan ganas de desarrollar el talento para la fotografía.,Partícula には inadecuada en esta construcción.,"{""この"": 796, ""なる"": 125, ""伸ばす"": 1, ""写真"": 73, ""才能"": 1, ""森"": 42}",旅行に行くと、写真をたくさん撮ります。
N4:2349,aceptada,N2,救助の要請はできますか。,¿Se puede solicitar rescate?,Aporta un uso natural de vocabulario poco representado en el banco.,"{""できる"": 81, ""救助"": 1, ""要請"": 1}",支払いはできますか。
