lote,nivel,slot,japones,espanol,lecturas_kanji
2026-09-18 · 1M,N5,2051,それは食べるものではありません。,Eso no es para comer.,食べる (たべる)
2026-09-18 · 1M,N5,2052,山田さんは来ませんでしたが、店は開いていました。,"Yamada-san no vino, pero la tienda estaba abierta.",山田 (やまだ) | 来 (こ) | 店 (みせ) | 開いて (あいて)
2026-09-18 · 1M,N5,2053,バスに乗るときです。,Es al subir al autobús.,乗る (のる)
2026-09-18 · 1M,N5,2054,案内してくれてありがとうございます。,Gracias por guiarme.,案内 (あんない) | 有 (あ)
2026-09-18 · 1M,N5,2055,これは頭痛にいいものですか。,¿Es algo bueno para el dolor de cabeza?,頭痛 (ずつう)
2026-09-18 · 1M,N5,2056,山田さんに漢字を教えてもらいました。,Yamada-san me enseñó kanji.,山田 (やまだ) | 漢字 (かんじ) | 教 (おし)
2026-09-18 · 1M,N5,2057,ああ、違います。,"Ah, no es eso.",違 (ちが)
2026-09-18 · 1M,N5,2058,彼女と話すときは静かです。,"Cuando hablo con ella, estoy callado.",彼女 (かのじょ) | 話 (はな) | 静 (しず)
2026-09-18 · 1M,N5,2059,映画ならもう始まったかも。,"Si hablamos de la película, quizá ya ha empezado.",映画 (えいが) | 始まった (はじまった)
2026-09-18 · 1M,N5,2060,山とか海とか、自然の景色が好きです。,"Me gustan los paisajes naturales, como las montañas o el mar.",山 (やま) | 海 (うみ) | 自然 (しぜん) | 景色 (けしき) | 好き (すき)
2026-09-18 · 1M,N5,2061,窓口において、申請を受け付けますか。,¿Se aceptan solicitudes en la ventanilla?,窓口 (まどぐち) | 申請 (しんせい) | 受け付けます (うけつけます)
2026-09-18 · 1M,N5,2062,あら、スマホが壊れた。,"Vaya, se ha roto el móvil.",壊れた (こわれた)
2026-09-18 · 1M,N5,2063,魚より肉のほうが安いです。,La carne es más barata que el pescado.,魚 (さかな) | 肉 (にく) | 安い (やすい)
2026-09-18 · 1M,N5,2064,日本の祭りが好きだから、毎年見に行きます。,"Como me gustan los festivales japoneses, voy a verlos cada año.",日本 (にほん) | 祭り (まつり) | 好き (すき) | 毎年 (まいとし) | 見 (み) | 行 (い)
2026-09-18 · 1M,N5,2065,買い物の前に牛乳を買います。,"Antes de ir de compras, compro leche.",買い物 (かいもの) | 前 (まえ) | 牛乳 (ぎゅうにゅう) | 買います (かいます)
2026-09-18 · 1M,N5,2066,もう皿を洗いました。,Ya lavé los platos.,皿 (さら) | 洗いました (あらいました)
2026-09-18 · 1M,N5,2067,週に何回魚を食べますか。,¿Cuántas veces comes pescado a la semana?,週 (しゅう) | 何 (なん) | 回 (かい) | 魚 (さかな) | 食べます (たべます)
2026-09-18 · 1M,N5,2068,店長にパンを二十個渡して、棚に並べました。,Le entregué veinte panes al encargado y los coloqué en la estantería.,店長 (てんちょう) | 二十 (にじゅう) | 個 (こ) | 渡して (わたして) | 棚 (たな) | 並べました (ならべました)
2026-09-18 · 1M,N5,2069,どこにも行きません。,No voy a ninguna parte.,行きません (いきません)
2026-09-18 · 1M,N5,2070,駅の近くにホテルがあるので便利です。,"Hay un hotel cerca de la estación, así que es conveniente.",駅 (えき) | 近く (ちかく) | 便利 (べんり)
2026-09-18 · 1M,N5,2071,毎朝ジョギングをします。,Hago jogging cada mañana.,毎朝 (まいあさ)
2026-09-18 · 1M,N5,2072,私は日本語は好きですが、漢字がまだ難しいです。,"Me gusta el japonés, pero los kanji son todavía difíciles.",私 (わたし) | 好 (す) | 日本語 (にほんご) | 漢字 (かんじ) | 難しい (むずかしい)
2026-09-18 · 1M,N5,2073,この書類を送りますか。,¿Vas a enviar este documento?,書類 (しょるい) | 送ります (おくります)
2026-09-18 · 1M,N5,2074,友だちにケーキをあげて、家へ帰ります。,Le doy un pastel a un amigo y vuelvo a casa.,友 (とも) | 家 (いえ) | 帰ります (かえります)
2026-09-18 · 1M,N5,2075,ここではゲームをしません。外で遊びます。,Aquí no jugamos a juegos; jugamos fuera.,外 (そと) | 遊 (あそ)
2026-09-18 · 1M,N5,2076,春になると、山の花がきれいなので、写真を撮りたくなります。,"Cuando llega la primavera, como las flores de la montaña son bonitas, me entran ganas de hacer fotos.",春 (はる) | 山 (やま) | 花 (はな) | 写真 (しゃしん) | 撮 (と)
2026-09-18 · 1M,N5,2077,図書館は九時から五時までです。,La biblioteca abre de nueve a cinco.,図書館 (としょかん) | 九時 (くじ) | 五時 (ごじ)
2026-09-18 · 1M,N5,2078,このスマホの画面はとても見やすいです。,La pantalla de este móvil es muy fácil de ver.,画面 (がめん) | 見 (み)
2026-09-18 · 1M,N5,2079,お姉さんも大学生ですか。,¿Tu hermana mayor también es universitaria?,姉 (あね) | 大学生 (だいがくせい)
2026-09-18 · 1M,N5,2080,あとでお茶をいっしょに飲みませんか。,¿Te apetece tomar un té juntos más tarde?,茶 (ちゃ) | 飲 (の)
2026-09-18 · 1M,N5,2081,猫はいません。,No hay gatos.,猫 (ねこ)
2026-09-18 · 1M,N5,2082,この部屋は寒いから、窓を閉めます。,"Como esta habitación está fría, cierro la ventana.",部屋 (へや) | 寒 (さむ) | 窓 (まど) | 閉 (し)
2026-09-18 · 1M,N5,2083,この魚は新鮮です。,Este pescado está fresco.,魚 (さかな) | 新鮮 (しんせん)
2026-09-18 · 1M,N5,2084,デパートで服を見て、靴も買いました。,Miré ropa en unos grandes almacenes y también compré zapatos.,服 (ふく) | 見て (みて) | 靴 (くつ) | 買いました (かいました)
2026-09-18 · 1M,N5,2085,ここで降りてください。,"Bájese aquí, por favor.",降りてください (おりてください)
2026-09-18 · 1M,N5,2086,この展望台なら写真を撮ってもいいです。,En este mirador se pueden tomar fotos.,展望台 (てんぼうだい) | 写真 (しゃしん) | 撮って (とって)
2026-09-18 · 1M,N5,2087,ここでたばこを吸ってはいけません。,Aquí no se puede fumar.,吸 (す)
2026-09-18 · 1M,N5,2088,仕事が忙しくて、今夜は勉強しない。,"Como tengo mucho trabajo, esta noche no estudio.",仕事 (しごと) | 忙 (いそが) | 今夜 (こんや) | 勉強 (べんきょう)
2026-09-18 · 1M,N5,2089,昨日森で働いた。,Ayer trabajé en el bosque.,昨 (さく) | 日 (ひ) | 森 (もり) | 働 (はたら)
2026-09-18 · 1M,N5,2090,友だちにまた会いたいです。,Quiero volver a ver a un amigo.,友 (とも) | 会 (あ)
2026-09-18 · 1M,N5,2092,今度、近くの森を一緒に散歩しませんか。,¿Te apetece dar un paseo juntos por el bosque cercano esta vez?,今度 (こんど) | 近く (ちかく) | 森 (もり) | 一緒 (いっしょ) | 散歩 (さんぽ)
2026-09-18 · 1M,N5,2093,タクシーよりバスのほうが安い。,El autobús es más barato que el taxi.,安い (やすい)
2026-09-18 · 1M,N5,2094,電池が切れたから、充電します。,"Como se ha agotado la batería, lo cargaré.",電池 (でんち) | 切れた (きれた) | 充電 (じゅうでん)
2026-09-18 · 1M,N5,2095,旅行の前に切符を買って、後で駅で会います。,"Antes del viaje, compro el billete y luego quedo con alguien en la estación.",旅行 (りょこう) | 前に (まえに) | 切符 (きっぷ) | 買って (かって) | 後で (あとで) | 駅で (えきで) | 会います (あいます)
2026-09-18 · 1M,N5,2096,もうお祭りの踊りは始まっていますが、まだ太鼓は鳴っていません。,"Ya ha empezado el baile del festival, pero todavía no suena el tambor.",祭 (まつ) | 踊 (おど) | 始 (はじ) | 太 (たい) | 鼓 (こ) | 鳴 (な)
2026-09-18 · 1M,N5,2097,毎日お茶を飲みますか。,¿Bebes té cada día?,毎日 (まいにち) | 茶 (ちゃ) | 飲 (の)
2026-09-18 · 1M,N5,2098,家でケーキを三つ食べます。,Como tres pasteles en casa.,家 (いえ) | 三 (さん) | 食 (た)
2026-09-18 · 1M,N5,2099,今夜は何を食べませんか。,¿Qué no vas a comer esta noche?,今夜 (こんや) | 何 (なに) | 食 (た)
2026-09-18 · 1M,N5,2100,駅の前にスーパーがあるので、帰りに買い物できます。,"Como hay un supermercado frente a la estación, puedo comprar al volver.",駅 (えき) | 前 (まえ) | 帰 (かえ) | 買 (か) | 物 (もの)
2026-09-18 · 1M,N5,2101,バスで行きます。,Voy en autobús.,行 (い)
2026-09-18 · 1M,N5,2102,京都は寺が多いです。,Kioto tiene muchos templos.,京都 (きょうと) | 寺 (てら) | 多 (おお)
2026-09-18 · 1M,N5,2103,薬を飲んでいますか。,¿Estás tomando algún medicamento?,薬 (くすり) | 飲 (の)
2026-09-18 · 1M,N5,2104,毎朝バスに乗って図書館へ日本語を勉強しに行きます。,Cada mañana cojo el autobús y voy a la biblioteca a estudiar japonés.,毎朝 (まいあさ) | 乗って (のって) | 図書館 (としょかん) | 日本語 (にほんご) | 勉強 (べんきょう) | 行きます (いきます)
2026-09-18 · 1M,N5,2105,工場で働きません。,No trabajo en la fábrica.,工場 (こうじょう) | 働きません (はたらきません)
2026-09-18 · 1M,N5,2106,彼女と話すと元気になります。,"Cuando hablo con ella, me animo.",彼女 (かのじょ) | 話す (はなす) | 元気 (げんき) | なります (なります)
2026-09-18 · 1M,N5,2107,土曜日から日曜日まで友だちと映画を見ます。,Desde el sábado hasta el domingo veo películas con amigos.,土曜日 (どようび) | 日曜日 (にちようび) | 友 (とも) | 映画 (えいが) | 見ます (みます)
2026-09-18 · 1M,N4,2166,雨がやんだら、店から人が出てきた。,"Cuando dejó de llover, la gente salió de la tienda.",雨 (あめ) | 店 (みせ) | 人 (ひと) | 出てきた (でてきた)
2026-09-18 · 1M,N4,2167,健康につきましては、まだ問題ありません。,"En cuanto a la salud, todavía no hay problemas.",健康 (けんこう) | 問題 (もんだい)
2026-09-18 · 1M,N4,2168,昨日は勉強しすぎて、夜まで頭がぼんやりしました。,Ayer estudié demasiado y hasta la noche tuve la cabeza embotada.,昨日 (きのう) | 勉強 (べんきょう) | 夜 (よる) | 頭 (あたま)
2026-09-18 · 1M,N4,2169,雨ですから、行きませんか。,"Como llueve, ¿no vamos?",雨 (あめ) | 行きませんか (いきませんか)
2026-09-18 · 1M,N4,2170,信頼を得るには時間がかかる。,Ganar confianza lleva tiempo.,信頼 (しんらい) | 得る (える) | 時間 (じかん)
2026-09-18 · 1M,N4,2171,一人で行ったわけではなく、家族とともに行きました。,"No fui solo, sino con mi familia.",一人 (ひとり) | 行った (いった) | 家族 (かぞく) | 行きました (いきました)
2026-09-18 · 1M,N4,2172,森のなかは静かですが、暗くなると道が見えにくいです。,"Dentro del bosque está tranquilo, pero cuando se hace de noche se ve peor el camino.",森 (もり) | 静か (しずか) | 暗く (くらく) | 道 (みち) | 見えにくい (みえにくい)
2026-09-18 · 1M,N4,2173,ありがと、助かった。,"Gracias, me ha sido muy útil.",助かった (たすかった)
2026-09-18 · 1M,N4,2174,まぁ、あとでもういちどみればいいよ。,"Bueno, luego puedes volver a mirarlo.",
2026-09-18 · 1M,N4,2176,田中くん、あしたの発表でこの写真をみんなに見せてくれる？,"Tanaka-kun, ¿podrías enseñar esta foto a todos en la presentación de mañana?",田中 (たなか) | 明日 (あした) | 発表 (はっぴょう) | 写真 (しゃしん) | 見 (み)
2026-09-18 · 1M,N4,2177,いいえ、こわがるよ。,"No, le tiene miedo.",
2026-09-18 · 1M,N4,2178,つい食べすぎたので、夕飯は軽めにします。,"Como me he pasado comiendo, cenaré algo ligero.",食べすぎた (たべすぎた) | 夕飯 (ゆうはん) | 軽め (かるめ)
2026-09-18 · 1M,N4,2179,夕食のあと、家族で対戦ゲームをしました。,"Después de cenar, jugamos en familia a un juego competitivo.",夕食 (ゆうしょく) | 家族 (かぞく) | 対戦 (たいせん)
2026-09-18 · 1M,N4,2180,商品の記載がないので、店員に確認しました。,"Como no había información escrita del producto, le pregunté al dependiente.",商品の (しょうひんの) | 記載 (きさい) | 店員 (てんいん) | 確認 (かくにん)
2026-09-18 · 1M,N4,2181,検事は電車で来ますか。,¿Viene el fiscal en tren?,検事 (けんじ) | 電車 (でんしゃ) | 来ます (きます)
2026-09-18 · 1M,N4,2182,旅行先で安い下着を一枚買いました。,En el lugar al que viajé compré una prenda de ropa interior barata.,旅行先 (りょこうさき) | 安い (やすい) | 下着 (したぎ) | 一枚 (いちまい) | 買いました (かいました)
2026-09-18 · 1M,N4,2183,これは応用じゃなくて基本の運動です。,"Esto no es un ejercicio avanzado, sino un ejercicio básico.",応用 (おうよう) | 基本 (きほん) | 運動 (うんどう)
2026-09-18 · 1M,N4,2184,条件を全部比べたうえで、今はこの判断が妥当だと私は考えます。,"Tras comparar todas las condiciones, ahora creo que esta decisión es razonable.",条件 (じょうけん) | 全部 (ぜんぶ) | 比べた (くらべた) | 判断 (はんだん) | 妥当 (だとう) | 今 (いま) | 私 (わたし) | 考えます (かんがえます)
2026-09-18 · 1M,N4,2185,ウィリアムは今日も残業です。,William hace horas extra hoy también.,今日 (きょう) | 残業 (ざんぎょう)
2026-09-18 · 1M,N4,2186,母は主婦です。,Mi madre es ama de casa.,母 (はは) | 主婦 (しゅふ)
2026-09-18 · 1M,N4,2187,どの大陸がいちばん広いですか。,¿Qué continente es el más grande?,大陸 (たいりく) | 広い (ひろい)
2026-09-18 · 1M,N4,2188,山で花を見ていたら、きれいな蝶に気がつきました。,"Mientras miraba flores en la montaña, me fijé en una mariposa bonita.",山 (やま) | 花 (はな) | 見ていたら (みていたら) | 蝶 (ちょう) | 気がつきました (きがつきました)
2026-09-18 · 1M,N4,2189,その問題はもう解消しました。,Ese problema ya se resolvió.,問題 (もんだい) | 解消しました (かいしょうしました)
2026-09-18 · 1M,N4,2190,財務が苦手なので、決算書を見るのに時間がかかります。,"Como se me dan mal las finanzas, tardo en revisar los estados financieros.",財務 (ざいむ) | 苦手 (にがて) | 決算書 (けっさんしょ) | 見 (み) | 時間 (じかん)
2026-09-18 · 1M,N4,2191,駅で昔の友だちにばったり出会いました。,Me encontré por casualidad con un amigo de antes en la estación.,駅 (えき) | 昔 (むかし) | 友 (とも) | 出会いました (であいました)
2026-09-18 · 1M,N4,2192,この町は水が豊かで、昔から農業がさかんですし、祭りも多いです。,"Este pueblo tiene mucha agua, la agricultura es próspera desde hace tiempo y, además, hay muchas fiestas.",町 (まち) | 水 (みず) | 豊 (ゆた) | 昔 (むかし) | 農業 (のうぎょう) | 祭り (まつり) | 多い (おおい)
2026-09-18 · 1M,N4,2193,宇宙は本当に神秘ですか。,¿De verdad el universo es un misterio?,宇宙 (うちゅう) | 本当 (ほんとう) | 神秘 (しんぴ)
2026-09-18 · 1M,N4,2194,今月の手当で洗濯機を買いました。,Compré una lavadora con el plus de este mes.,今月 (こんげつ) | 手当 (てあて) | 洗濯機 (せんたくき) | 買 (か)
2026-09-18 · 1M,N4,2195,料理ではなく、視線のほうが気になりました。,"No fue la comida, sino las miradas lo que me molestó.",料理 (りょうり) | 視線 (しせん) | 気 (き)
2026-09-18 · 1M,N4,2196,練習ではうまくいっても、本番では緊張して失敗しました。,"Aunque en los ensayos salió bien, en la actuación me puse nervioso y fallé.",練習 (れんしゅう) | 本番 (ほんばん) | 緊張 (きんちょう) | 失敗 (しっぱい)
2026-09-18 · 1M,N4,2197,この路線では野生の鹿を見かけます。,En esta línea se ven ciervos salvajes.,路線 (ろせん) | 野生 (やせい) | 鹿 (しか) | 見 (み)
2026-09-18 · 1M,N4,2198,予約サイトへの移行が順調です。,La migración al sitio de reservas va bien.,予約 (よやく) | 移行 (いこう) | 順調 (じゅんちょう)
2026-09-18 · 1M,N4,2199,足元が冷えていませんか。,¿No se le están enfriando los pies?,足元 (あしもと) | 冷えて (ひえて)
2026-09-18 · 1M,N4,2200,今日は図書館で参考書が読み放題なので、気になるところを何度も確認しました。,"Hoy, en la biblioteca, como podía leer los manuales cuanto quisiera, revisé varias veces los puntos que me preocupaban.",今日 (きょう) | 図書館 (としょかん) | 参考書 (さんこうしょ) | 読み放題 (よみほうだい) | 気になる (きになる) | 何度 (なんど) | 確認しました (かくにんしました)
2026-09-18 · 1M,N4,2201,まずは私の担当ではありません。,"Para empezar, no es mi responsabilidad.",私 (わたし) | 担当 (たんとう)
2026-09-18 · 1M,N4,2202,会員名簿を見たので、彼の名前はすぐ分かりました。,"Como vi el registro de socios, enseguida supe su nombre.",会員名簿 (かいいんめいぼ) | 見 (み) | 彼 (かれ) | 名前 (なまえ) | 分か (わか)
2026-09-18 · 1M,N4,2203,この曲はベースがよく聞こえます。,En esta canción se oye bien el bajo.,曲 (きょく) | 聞 (き)
2026-09-18 · 1M,N4,2204,山道が急だったので、私たちはゆっくり上りました。,"Como el sendero de la montaña era empinado, subimos despacio.",山道 (やまみち) | 急 (きゅう) | 私 (わたし) | 上 (のぼ)
2026-09-18 · 1M,N4,2205,貨物はいつ届きますか。,¿Cuándo llega la carga?,貨物 (かもつ) | 届 (とど)
2026-09-18 · 1M,N4,2206,今日はこのアプリのインタビューをします。,Hoy haré una entrevista sobre esta aplicación.,今日 (きょう)
2026-09-18 · 1M,N4,2207,いいえ、問題は値段ではなく性能です。,"No, el problema no es el precio, sino el rendimiento.",問題 (もんだい) | 値段 (ねだん) | 性能 (せいのう)
2026-09-18 · 1M,N4,2208,デザインはもうできていますが、仕上げには時間がかかります。,"Aunque el diseño ya está listo, el acabado final llevará tiempo.",仕上げ (しあげ) | 時間 (じかん)
2026-09-18 · 1M,N4,2209,苦情が一件ありました。,Hubo una queja.,苦情 (くじょう) | 一件 (いっけん)
2026-09-18 · 1M,N4,2210,うちの同期もこのマンションに住んでいます。,Mi compañero de promoción también vive en este edificio.,同期 (どうき) | 住んでいます (すんでいます)
2026-09-18 · 1M,N4,2211,この店は多様な料理を出しますか。,¿Este local sirve platos variados?,店 (みせ) | 多様 (たよう) | 料理 (りょうり) | 出します (だします)
2026-09-18 · 1M,N4,2212,原告は店の返品窓口で返金を求めました。,El demandante pidió el reembolso en la ventanilla de devoluciones de la tienda.,原告 (げんこく) | 店 (みせ) | 返品 (へんぴん) | 窓口 (まどぐち) | 返金 (へんきん) | 求めました (もとめました)
2026-09-18 · 1M,N4,2213,このバスは身長制限がない。,Este autobús no tiene límite de estatura.,身長 (しんちょう) | 制限 (せいげん)
2026-09-18 · 1M,N4,2214,普段は電車で行きますが、旅行のときはバスを使います。,"Normalmente voy en tren, pero cuando viajo uso autobús.",普段 (ふだん) | 電車 (でんしゃ) | 行きます (いきます) | 旅行 (りょこう) | 使います (つかいます)
2026-09-18 · 1M,N4,2215,毎日のケアが大切です。,El cuidado diario es importante.,毎日 (まいにち) | 大切 (たいせつ)
2026-09-18 · 1M,N4,2216,授業では農民の暮らしと収入の変化を調べました。,En clase investigué la vida de los campesinos y los cambios en sus ingresos.,授業 (じゅぎょう) | 農民 (のうみん) | 暮らし (くらし) | 収入 (しゅうにゅう) | 変化 (へんか) | 調べました (しらべました)
2026-09-18 · 1M,N4,2217,高齢でもできますか。,¿Se puede hacer incluso siendo mayor?,高齢 (こうれい)
2026-09-18 · 1M,N4,2218,私は人の徳を大切にします。,Valoro la virtud de las personas.,私 (わたし) | 人 (ひと) | 徳 (とく) | 大切 (たいせつ) | 私 (わたし)
2026-09-18 · 1M,N4,2219,これは土産じゃなくて、私の忘れ物です。,"Esto no es un souvenir, sino algo que me he dejado.",土産 (みやげ) | 私 (わたし) | 忘れ物 (わすれもの)
2026-09-18 · 1M,N4,2220,森を守るには水が不可欠ですが、開発も必要です。,"Para proteger el bosque, el agua es esencial, pero también hace falta desarrollo.",森 (もり) | 守る (まもる) | 水 (みず) | 不可欠 (ふかけつ) | 開発 (かいはつ) | 必要 (ひつよう)
2026-09-18 · 1M,N4,2221,彼は堂々と話します。,Él habla con aplomo.,彼 (かれ) | 堂々 (どうどう) | 話 (はな)
2026-09-18 · 1M,N4,2222,買い物の前に株価も少し確認しました。,"Antes de ir de compras, también comprobé un poco las cotizaciones bursátiles.",買い物 (かいもの) | 前 (まえ) | 株価 (かぶか) | 確認 (かくにん) | 少し (すこし)
2026-09-18 · 1M,N4,2223,この古いメモ、まだ解読できますか。,¿Puedes descifrar todavía esta nota antigua?,古い (ふるい) | 解読 (かいどく)
2026-09-18 · 1M,N4,2224,文化祭の写真を出力して、あとで会場でみんなに配りました。,Imprimí las fotos del festival cultural y luego se las repartí a todos en el recinto.,文化祭 (ぶんかさい) | 写真 (しゃしん) | 出力 (しゅつりょく) | 会場 (かいじょう) | 配りました (くばりました)
2026-09-18 · 1M,N4,2225,私は現金を所持していません。,No llevo efectivo.,私 (わたし) | 現金 (げんきん) | 所持 (しょじ)
2026-09-18 · 1M,N4,2226,雨が降っても、母はすぐやってくる。,"Aunque llueva, mi madre viene enseguida.",雨 (あめ) | 降って (ふって) | 母 (はは)
2026-09-18 · 1M,N4,2227,その古い腕時計は、専門家に鑑定された。,Ese reloj de pulsera antiguo fue tasado por un especialista.,古い (ふるい) | 腕時計 (うでどけい) | 専門家 (せんもんか) | 鑑定された (かんていされた)
2026-09-18 · 1M,N4,2228,店で値札を見ていると、すると急に全品の安売りが始まりました。,"En la tienda, al mirar las etiquetas, entonces empezó de repente la rebaja de todos los artículos.",店 (みせ) | 値札 (ねふだ) | 見ていると (みていると) | 急に (きゅうに) | 全品 (ぜんぴん) | 安売り (やすうり) | 始まりました (はじまりました)
2026-09-18 · 1M,N4,2229,次に乗る電車はどれですか。,¿Cuál es el tren que voy a coger a continuación?,次に (つぎに) | 乗る (のる) | 電車 (でんしゃ)
2026-09-18 · 1M,N4,2230,旅行の募集を見て、すぐ申し込みました。,Vi la convocatoria del viaje y me apunté enseguida.,旅行 (りょこう) | 募集 (ぼしゅう) | 見 (み) | 申 (もう) | 込 (こ)
2026-09-18 · 1M,N4,2231,あれは栄光ではなく、努力の結果です。,"Eso no es gloria, sino el resultado del esfuerzo.",栄光 (えいこう) | 努力 (どりょく) | 結果 (けっか)
2026-09-18 · 1M,N4,2232,この講座では、勉強時間を三十分と定めるので、予定を組みやすいです。,"En este curso, se fija el tiempo de estudio en treinta minutos, así que es fácil organizarse.",講座 (こうざ) | 勉強 (べんきょう) | 時間 (じかん) | 三十分 (さんじゅっぷん) | 定 (さだ) | 予定 (よてい) | 組 (く)
2026-09-18 · 1M,N4,2233,経理では分子を確認します。,"En contabilidad, comprobamos el numerador.",経理 (けいり) | 分子 (ぶんし) | 確認 (かくにん)
2026-09-18 · 1M,N4,2234,昨日彼は不正がばれて、村から追放されたことをすぐ知った。,Ayer supo enseguida que habían descubierto su fraude y lo habían expulsado del pueblo.,昨日 (きのう) | 彼 (かれ) | 不正 (ふせい) | 村 (むら) | 追放 (ついほう) | 知った (しった)
2026-09-18 · 1M,N4,2235,この橋を渡ると、遊園地へ歩いて行けますよね？,"Si cruzas este puente, puedes ir andando al parque de atracciones, ¿verdad?",橋 (はし) | 渡る (わたる) | 遊園地 (ゆうえんち) | 歩いて (あるいて) | 行けます (いけます)
2026-09-18 · 1M,N4,2236,私は森で見た謎の光の実在を、友だちに話しました。,Le conté a un amigo la existencia real de una luz misteriosa que vi en el bosque.,私 (わたし) | 森 (もり) | 見た (みた) | 謎 (なぞ) | 光 (ひかり) | 実在 (じつざい) | 友 (とも) | 話しました (はなしました)
2026-09-18 · 1M,N4,2237,そんなに複雑じゃないよ。,No es tan complicado.,複雑 (ふくざつ)
2026-09-18 · 1M,N4,2238,時間がないので、今は聴取を後回しにします。,"Como no tengo tiempo, dejo la escucha para después.",時間 (じかん) | 今 (いま) | 聴取 (ちょうしゅ) | 後回し (あとまわし)
2026-09-18 · 1M,N4,2239,個別の事情は後で確認します。,Luego confirmaré las circunstancias de cada caso.,個別 (こべつ) | 事情 (じじょう) | 後 (あと) | 確認 (かくにん)
2026-09-18 · 1M,N4,2240,文化の現場では、この劇の成功で賃金の見直しを求める声が強まりました。,"En el ámbito cultural, el éxito de esta obra ha reforzado las voces que piden revisar los salarios.",文化 (ぶんか) | 現場 (げんば) | 劇 (げき) | 成功 (せいこう) | 賃金 (ちんぎん) | 見直し (みなおし) | 求める (もとめる) | 声 (こえ) | 強まりました (つよまりました)
2026-09-18 · 1M,N4,2241,これは新規の申込みですか。,¿Es una solicitud nueva?,新規 (しんき) | 申込み (もうしこみ)
2026-09-18 · 1M,N4,2242,毎日の塩分摂取を少しずつ減らします。,Reduciré poco a poco mi ingesta diaria de sal.,毎日 (まいにち) | 塩分 (えんぶん) | 摂取 (せっしゅ) | 少しずつ (すこしずつ) | 減らします (へらします)
2026-09-18 · 1M,N4,2243,その客は逮捕されず、店から出されました。,Ese cliente no fue arrestado; solo lo echaron del local.,その客 (そのきゃく) | 逮捕 (たいほ) | 店 (みせ) | 出されました (だされました)
2026-09-18 · 1M,N4,2244,このアルバムは作曲がいいので、少し高くても買います。,"Como la composición de este álbum es buena, aunque sea un poco caro lo compraré.",作曲 (さっきょく) | 少し (すこし) | 高くても (たかくても) | 買います (かいます)
2026-09-18 · 1M,N4,2245,駅では係員の指示に従います。,Sigo las indicaciones del personal en la estación.,駅 (えき) | 係員 (かかりいん) | 指示 (しじ) | 従います (したがいます)
2026-09-19 · 1.5M,N5,2108,森の空気は朝になるととても気持ちいいです。,El aire del bosque es muy agradable por la mañana.,森 (もり) | 空気 (くうき) | 朝 (あさ) | 気 (き) | 持 (も)
2026-09-19 · 1.5M,N5,2109,ここでも使えますか。,¿También se puede usar aquí?,使 (つか)
2026-09-19 · 1.5M,N5,2110,このアプリは旅行中でも使えますか。,¿Esta aplicación también se puede usar durante el viaje?,旅 (たび) | 行 (こう) | 中 (ちゅう) | 使 (つか)
2026-09-19 · 1.5M,N5,2111,この町には駅がありません。,En esta ciudad no hay estación.,町 (まち) | 駅 (えき)
2026-09-19 · 1.5M,N5,2112,日本のお祭りは楽しいですが、人が多いです。,"Los festivales japoneses son divertidos, pero hay mucha gente.",日本 (にほん) | 祭 (まつり) | 楽 (たの) | 人 (ひと) | 多 (おお)
2026-09-19 · 1.5M,N5,2113,この店は便利だ。,Esta tienda es práctica.,店 (みせ) | 便 (べん) | 利 (り)
2026-09-19 · 1.5M,N5,2114,母は窓を開けて、空気を入れました。,Mi madre abrió la ventana y dejó entrar el aire.,母 (はは) | 窓 (まど) | 開 (あ) | 空気 (くうき) | 入 (い)
2026-09-19 · 1.5M,N5,2115,塩を少し入れてくださいませんか。,¿Podría echar un poco de sal?,塩 (しお) | 少 (すこ) | 入 (い)
2026-09-19 · 1.5M,N5,2116,この店で服を試着してもいいですか。,¿Puedo probarme ropa en esta tienda?,店 (みせ) | 服 (ふく) | 試 (し) | 着 (ちゃく)
2026-09-19 · 1.5M,N5,2117,ここで降りてはいけない。,No se puede bajar aquí.,降 (お)
2026-09-19 · 1.5M,N5,2118,切符を買わないと電車に乗れません。,"Si no compras el billete, no puedes subir al tren.",切符 (きっぷ) | 買 (か) | 電車 (でんしゃ) | 乗 (の)
2026-09-19 · 1.5M,N5,2119,昨日、スマホの見すぎで目が疲れました。,Ayer se me cansaron los ojos por mirar demasiado el móvil.,昨日 (きのう) | 見 (み) | 目 (め) | 疲 (つか)
2026-09-19 · 1.5M,N5,2120,毎晩漢字を練習して、もっと早く読めるようになりたい。,Quiero practicar kanji cada noche para poder leer más rápido.,毎晩 (まいばん) | 漢字 (かんじ) | 練習 (れんしゅう) | 早く (はやく) | 読 (よ)
2026-09-19 · 1.5M,N5,2121,一緒に仕事をしましょうか。,¿Trabajamos juntos?,一緒 (いっしょ) | 仕事 (しごと)
2026-09-19 · 1.5M,N5,2122,今夜、一緒に晩ご飯を食べませんか。,¿Cenamos juntos esta noche?,今夜 (こんや) | 一緒 (いっしょ) | 晩ご飯 (ばんごはん) | 食 (た)
2026-09-19 · 1.5M,N5,2123,映画よりゲームのほうが楽しいです。,Los videojuegos son más divertidos que el cine.,映画 (えいが) | 楽 (たの)
2026-09-19 · 1.5M,N5,2124,空がきれいだから、星がよく見えます。,"Como el cielo está limpio, se ven bien las estrellas.",空 (そら) | 星 (ほし) | 見えます (みえます)
2026-09-19 · 1.5M,N5,2125,郵便局に行った後で勉強します。,"Después de ir a correos, estudiaré.",郵便局 (ゆうびんきょく) | 行った (いった) | 後で (あとで) | 勉強します (べんきょうします)
2026-09-19 · 1.5M,N5,2126,スマホはもう充電しました。,Ya he cargado el móvil.,充電しました (じゅうでんしました)
2026-09-19 · 1.5M,N5,2127,地域の集まりによく行きますか。,¿Vas a menudo a las reuniones del barrio?,地域 (ちいき) | 集まり (あつまり) | 行きます (いきます)
2026-09-19 · 1.5M,N5,2128,お祭りで友だちに三枚のチケットを渡しました。,Le di tres entradas a un amigo en el festival.,祭 (まつり) | 友 (とも) | 三 (さん) | 枚 (まい) | 渡 (わた)
2026-09-19 · 1.5M,N5,2129,だれも来ません。,No viene nadie.,来 (く)
2026-09-19 · 1.5M,N5,2130,本は机の上にありますから、すぐ見つかります。,"Como el libro está sobre la mesa, se encuentra enseguida.",本 (ほん) | 机 (つくえ) | 上 (うえ) | 見 (み)
2026-09-19 · 1.5M,N5,2131,今夜のご飯はカレーです。,La cena de esta noche es curry.,今 (こん) | 夜 (や) | 飯 (めし)
2026-09-19 · 1.5M,N5,2132,この店では服が安くて、人気があります。,En esta tienda la ropa es barata y es muy popular.,店 (みせ) | 服 (ふく) | 安く (やすく) | 人気 (にんき)
2026-09-19 · 1.5M,N5,2133,タクシーを呼びますか。,¿Llamas a un taxi?,呼びます (よびます)
2026-09-19 · 1.5M,N5,2134,友だちに来月京都へ行くと伝えます。,Le digo a un amigo que iré a Kioto el mes que viene.,友だち (ともだち) | 来月 (らいげつ) | 京都 (きょうと) | 行く (いく) | 伝えます (つたえます) | 伝えます (つたえます)
2026-09-19 · 1.5M,N5,2135,薬は水で飲みます。,La medicina la tomo con agua.,薬 (くすり) | 水 (みず) | 飲みます (のみます)
2026-09-19 · 1.5M,N5,2136,本を読むと、すぐ眠くなります。,"Cuando leo un libro, me entra sueño enseguida.",本 (ほん) | 読 (よ) | 眠 (ねむ)
2026-09-19 · 1.5M,N5,2137,会社から森まで歩きます。,Camino desde la oficina hasta el bosque.,会 (かい) | 社 (しゃ) | 森 (もり) | 歩 (ある)
2026-09-19 · 1.5M,N5,2138,友だちの家で夕食を食べます。,Ceno en casa de un amigo.,友 (とも) | 家 (いえ) | 夕 (ゆう) | 食 (しょく) | 食 (た)
2026-09-19 · 1.5M,N5,2139,映画も見ますかね。,"¿También ves películas, me pregunto?",映 (えい) | 画 (が) | 見 (み)
2026-09-19 · 1.5M,N5,2140,公園の桜はもう咲いたか、友だちに聞きました。,Le pregunté a un amigo si ya habían florecido los cerezos del parque.,公園 (こうえん) | 桜 (さくら) | 咲いた (さいた) | 友 (とも) | 聞きました (ききました)
2026-09-19 · 1.5M,N5,2141,受付に人はいません。,No hay nadie en recepción.,受付 (うけつけ) | 人 (ひと)
2026-09-19 · 1.5M,N5,2142,この機械は軽いから、持ち運びやすい。,"Esta máquina es ligera, así que es fácil de llevar.",機械 (きかい) | 軽い (かるい) | 持ち運びやすい (もちはこびやすい)
2026-09-19 · 1.5M,N5,2143,この町はとても静かだ。,Este pueblo es muy tranquilo.,町 (まち) | 静かだ (しずかだ)
2026-09-19 · 1.5M,N5,2144,休日に神社へ行って、お祭りの太鼓を聞きました。,En mi día libre fui al santuario y escuché los tambores del festival.,休日 (きゅうじつ) | 神社 (じんじゃ) | 行って (いって) | お祭り (おまつり) | 太鼓 (たいこ) | 聞きました (ききました)
2026-09-19 · 1.5M,N5,2145,ドアを閉めてください。,"Cierra la puerta, por favor.",閉めてください (しめてください)
2026-09-19 · 1.5M,N5,2146,ここでゲームをしてもいいですよ。,Puedes jugar aquí a un juego.,
2026-09-19 · 1.5M,N5,2147,このお菓子は夜に食べてはいけません。,No debes comer este dulce por la noche.,お菓子 (おかし) | 夜 (よる) | 食べて (たべて) | いけません (いけません)
2026-09-19 · 1.5M,N5,2148,安くても、今日はこの店ではかばんを買わない。,"Aunque está barato, hoy no voy a comprar un bolso en esta tienda.",安 (やす) | 今 (きょう) | 日 (にち) | 店 (みせ) | 買 (か)
2026-09-19 · 1.5M,N5,2149,昨日バスに乗った。,Ayer tomé el autobús.,昨日 (きのう) | 乗 (の)
2026-09-19 · 1.5M,N5,2150,今度の休みに海へ行きたい。,En las próximas vacaciones quiero ir al mar.,今度 (こんど) | 休 (やす) | 海 (うみ) | 行 (い)
2026-09-19 · 1.5M,N5,2151,少し休みましょうか。,¿Descansamos un poco?,少 (すこ) | 休 (やす)
2026-09-19 · 1.5M,N5,2152,いっしょに駅前の図書館で勉強しませんか。,¿Estudiamos juntos en la biblioteca frente a la estación?,駅前 (えきまえ) | 図書館 (としょかん) | 勉強 (べんきょう)
2026-09-19 · 1.5M,N5,2153,残業より早帰りのほうがいい。,Salir antes es mejor que hacer horas extra.,残業 (ざんぎょう) | 早帰り (はやがえり)
2026-09-19 · 1.5M,N5,2154,毎日連絡するから、関係がよくなります。,"Como me pongo en contacto cada día, la relación mejora.",毎日 (まいにち) | 連絡 (れんらく) | 関係 (かんけい)
2026-09-19 · 1.5M,N5,2155,映画の前にご飯を食べて、後で友だちに会います。,Antes de la película como y luego veo a un amigo.,映画 (えいが) | 前 (まえ) | ご飯 (ごはん) | 食 (た) | 後 (あと) | 友 (とも) | 会います (あいます)
2026-09-19 · 1.5M,N5,2156,もう花は咲きましたが、まだ葉は少ないです。,"Las flores ya han florecido, pero las hojas todavía son pocas.",花 (はな) | 咲きました (さきました) | 葉 (は) | 少ない (すくない)
2026-09-19 · 1.5M,N5,2157,この店へよく行きますか。,¿Vas a esta tienda a menudo?,店 (みせ) | 行きます (いきます)
2026-09-19 · 1.5M,N5,2158,友だちにアプリを三つ送りました。,Le envié tres aplicaciones a un amigo.,友 (とも) | 達 (だち) | 送 (おく) | 三つ (みっつ)
2026-09-19 · 1.5M,N5,2159,だれが来たのですか。だれも来ませんでした。,¿Quién vino? No vino nadie.,来 (き) | 来 (き)
2026-09-19 · 1.5M,N5,2160,日本の祭りでは、神社の前に屋台が並び、夜になるととてもにぎやかになる。,"En los festivales japoneses, los puestos se alinean delante del santuario y por la noche se anima mucho.",日本 (にほん) | 祭り (まつり) | 神社 (じんじゃ) | 前 (まえ) | 屋台 (やたい) | 並び (ならび) | 夜 (よる)
2026-09-19 · 1.5M,N5,2161,今日はスーパーで牛乳を買います。,Hoy voy a comprar leche en el supermercado.,今日 (きょう) | 牛乳 (ぎゅうにゅう) | 買 (か)
2026-09-19 · 1.5M,N5,2162,うちでは猫が窓辺で寝ています。,"En casa, el gato está durmiendo junto a la ventana.",猫 (ねこ) | 窓辺 (まどべ) | 寝 (ね)
2026-09-19 · 1.5M,N5,2163,朝ごはんにパンを食べますか。,¿Comes pan en el desayuno?,朝 (あさ) | 食 (た)
2026-09-19 · 1.5M,N5,2164,明日友だちとデパートへ靴を買いに行きます。,Mañana voy con un amigo a los grandes almacenes a comprar zapatos.,明日 (あした) | 友 (とも) | 靴 (くつ) | 買 (か) | 行 (い)
2026-09-19 · 1.5M,N5,2165,電車ではありません。,No es en tren.,電車 (でんしゃ)
2026-09-19 · 1.5M,N5,2166,友だちと行くと安心です。,"Cuando voy con un amigo, me quedo tranquilo.",友 (とも) | 行 (い) | 安 (あん) | 心 (しん)
2026-09-19 · 1.5M,N5,2167,朝から夜までスマホを見ます。,Miro el móvil desde la mañana hasta la noche.,朝 (あさ) | 夜 (よる) | 見 (み)
2026-09-19 · 1.5M,N5,2168,毎晩机の上のノートで漢字を復習します。,Cada noche repaso los kanji en el cuaderno de la mesa.,毎晩 (まいばん) | 机 (つくえ) | 上 (うえ) | 漢字 (かんじ) | 復習 (ふくしゅう)
2026-09-19 · 1.5M,N5,2169,あなたも残業しますか。,¿Tú también haces horas extra?,残業 (ざんぎょう)
2026-09-19 · 1.5M,N5,2170,あとで一緒にラーメンを食べませんか。,¿Comemos ramen juntos después?,一緒 (いっしょ) | 後 (あと) | 食べる (たべる)
2026-09-19 · 1.5M,N5,2171,ここにはベンチがありません。,Aquí no hay bancos.,
2026-09-19 · 1.5M,N5,2172,山の道は長いですが、景色がとてもきれいです。,"El camino de la montaña es largo, pero el paisaje es muy bonito.",山 (やま) | 道 (みち) | 長 (なが) | 景 (けい) | 色 (しょく)
2026-09-19 · 1.5M,N5,2173,この受付は静かです。,Este mostrador está tranquilo.,受 (う) | 付 (つ) | 静 (しず)
2026-09-19 · 1.5M,N5,2174,スマホを充電して、明日使います。,Cargo el móvil y lo usaré mañana.,充 (じゅう) | 電 (でん) | 明 (あ) | 日 (ひ) | 使 (つか)
2026-09-19 · 1.5M,N5,2175,会場で静かにしてくださいませんか。,¿Podría guardar silencio en el recinto?,会 (かい) | 場 (じょう) | 静 (しず)
2026-09-19 · 1.5M,N5,2176,この神社で写真を撮ってもいいですか。,¿Puedo sacar fotos en este santuario?,神社 (じんじゃ) | 写真 (しゃしん) | 撮 (と)
2026-09-19 · 1.5M,N5,2177,ここで歌ってはいけない。,No se puede cantar aquí.,歌 (うた)
2026-09-19 · 1.5M,N5,2178,鍵がないから入れない。,No puedo entrar porque no tengo la llave.,鍵 (かぎ) | 入 (はい)
2026-09-19 · 1.5M,N5,2179,昨日、カレーを食べた。,Ayer comí curry.,昨 (さく) | 日 (にち) | 食 (た)
2026-09-19 · 1.5M,N5,2180,私はこの店で新しいかばんを買いたいです。,Quiero comprar un bolso nuevo en esta tienda.,私 (わたし) | 店 (みせ) | 新しい (あたらしい) | 買いたい (かいたい)
2026-09-19 · 1.5M,N5,2181,電車で行きましょうか。,¿Vamos en tren?,電車 (でんしゃ) | 行きましょう (いきましょう)
2026-09-19 · 1.5M,N5,2182,今度の旅行に一緒に行きませんか。,¿Te gustaría ir conmigo al próximo viaje?,今度 (こんど) | 旅行 (りょこう) | 一緒 (いっしょ) | 行 (い)
2026-09-19 · 1.5M,N5,2183,熱があるときは、走るより歩いたほうがいいです。,"Cuando tienes fiebre, es mejor caminar que correr.",熱 (ねつ) | 走る (はしる) | 歩いた (あるいた)
2026-09-19 · 1.5M,N5,2184,毎晩遅くまで勉強するから、今日は早く寝ます。,"Como estudio hasta tarde cada noche, hoy me acuesto pronto.",毎晩 (まいばん) | 遅く (おそく) | 勉強 (べんきょう) | 今日 (きょう) | 早く (はやく) | 寝ます (ねます)
2026-09-19 · 1.5M,N5,2185,仕事の後で散歩します。,Después del trabajo doy un paseo.,仕事 (しごと) | 後 (あと) | 散歩 (さんぽ)
2026-09-19 · 1.5M,N5,2186,まだ彼女と話していません。,Todavía no he hablado con ella.,彼女 (かのじょ) | 話して (はなして)
2026-09-19 · 1.5M,N5,2187,どのくらい映画を見ますか。,¿Con qué frecuencia ves películas?,映画 (えいが) | 見ます (みます)
2026-09-19 · 1.5M,N5,2188,公園で友だちと鳥を三羽見ました。,Vi tres pájaros con un amigo en el parque.,公園 (こうえん) | 友 (とも) | 鳥 (とり) | 三 (さん) | 羽 (わ) | 見 (み)
2026-09-19 · 1.5M,N5,2189,窓口はどこですか。,¿Dónde está la ventanilla?,窓口 (まどぐち)
2026-09-19 · 1.5M,N5,2190,スマホは机の上にあるから、すぐ使えます。,"Como el móvil está sobre la mesa, puedo usarlo enseguida.",机 (つくえ) | 上 (うえ) | 使 (つか)
2026-09-19 · 1.5M,N5,2191,この町では電車が便利です。,"En esta ciudad, el tren es práctico.",町 (まち) | 電車 (でんしゃ) | 便利 (べんり)
2026-09-19 · 1.5M,N5,2192,日本の茶道は静かな動きが多いです。,La ceremonia del té japonesa tiene muchos movimientos tranquilos.,日本 (にほん) | 茶道 (さどう) | 静 (しず) | 動 (うご) | 多 (おお) | 文化 (ぶんか)
2026-09-19 · 1.5M,N5,2193,ごみを出す？,¿Sacas la basura?,出 (だ)
2026-09-19 · 1.5M,N5,2194,母の家へプレゼントを持って行きます。,Llevo un regalo a casa de mi madre.,母 (はは) | 持 (も) | 家 (いえ) | 行 (い)
2026-09-19 · 1.5M,N5,2195,家でパンは食べません。,No como pan en casa.,家 (いえ) | 食 (た)
2026-09-19 · 1.5M,N5,2196,この店は安いと有名なので、いつも人が多いです。,"Esta tienda es famosa por ser barata, así que siempre hay mucha gente.",店 (みせ) | 安 (やす) | 有 (ゆう) | 名 (めい) | 人 (ひと) | 多 (おお)
2026-09-19 · 1.5M,N5,2197,駅から港まで歩きます。,Voy andando de la estación al puerto.,駅 (えき) | 港 (みなと) | 歩 (ある)
2026-09-19 · 1.5M,N5,2198,旅行の荷物の確認をします。,Compruebo el equipaje del viaje.,旅 (たび) | 行 (こう) | 荷 (に) | 物 (もの) | 確 (かく) | 認 (にん)
2026-09-19 · 1.5M,N5,2199,今朝は頭も痛いですか。,¿También te duele la cabeza esta mañana?,今 (いま) | 朝 (あさ) | 頭 (あたま) | 痛 (いた)
2026-09-19 · 1.5M,N5,2200,毎朝電車で勉強するのかと友だちに聞きました。,Le pregunté a un amigo si estudia cada mañana en el tren.,毎 (まい) | 朝 (あさ) | 電 (でん) | 車 (しゃ) | 勉 (べん) | 強 (きょう) | 友 (とも) | 聞 (き)
2026-09-19 · 1.5M,N5,2201,事務所に人がいません。,No hay nadie en la oficina.,事 (じ) | 務 (む) | 所 (しょ) | 人 (ひと)
2026-09-19 · 1.5M,N5,2202,やさしい人だから、安心できます。,"Como es una persona amable, me siento tranquilo.",人 (ひと) | 安 (あん) | 心 (こころ)
2026-09-19 · 1.5M,N5,2203,この公園はにぎやかだ。,Este parque es animado.,公 (こう) | 園 (えん)
2026-09-19 · 1.5M,N5,2204,公園の木が揺れて、鳥が鳴いています。,Los árboles del parque se mecen y los pájaros cantan.,公園 (こうえん) | 木 (き) | 揺 (ゆ) | 鳥 (とり) | 鳴 (な)
2026-09-19 · 1.5M,N5,2205,ここで待ってください。,"Espere aquí, por favor.",待 (ま)
2026-09-19 · 1.5M,N5,2206,このスマホを使ってもいいです。,Puedes usar este móvil.,使 (つか)
2026-09-19 · 1.5M,N5,2207,ここでゴミを捨ててはいけない。,No se puede tirar basura aquí.,捨 (す)
2026-09-19 · 1.5M,N4,2246,旅行に行く決心をしました。,Tomé la decisión de ir de viaje.,旅 (たび) | 行 (い) | 決 (けっ) | 心 (しん)
2026-09-19 · 1.5M,N4,2247,この町の住人は健康ですか。,¿Los habitantes de este pueblo están sanos?,町 (まち) | 住 (じゅう) | 人 (にん) | 健 (けん) | 康 (こう)
2026-09-19 · 1.5M,N4,2248,未知のこともみんなで話し合えば、少しずつ分かります。,"Si hablamos entre todos de lo desconocido, poco a poco lo entendemos.",未 (み) | 知 (ち) | 話 (はな) | 少 (すこ) | 分 (わ) | 合 (あ)
2026-09-19 · 1.5M,N4,2249,ここは国立の研究所ではありません。,Aquí no es un instituto nacional de investigación.,国 (こく) | 立 (りつ) | 研 (けん) | 究 (きゅう) | 所 (しょ)
2026-09-19 · 1.5M,N4,2250,彼らが共謀していたから、信頼できませんでした。,"Como conspiraban, no pude confiar en ellos.",彼 (かれ) | 共 (きょう) | 謀 (ぼう) | 信 (しん) | 頼 (らい)
2026-09-19 · 1.5M,N4,2251,その芸人は本名をまだ明かしていません。,Ese humorista aún no ha revelado su nombre real.,芸 (げい) | 人 (にん) | 本 (ほん) | 名 (みょう) | 明 (あ)
2026-09-19 · 1.5M,N4,2252,この雲の写真では、ここで見た景色が本物だとは証明できません。,"Con esta foto de las nubes, no se puede probar que el paisaje visto aquí fuera real.",雲 (くも) | 写 (しゃ) | 真 (しん) | 見 (み) | 景 (けい) | 色 (しき) | 本 (ほん) | 物 (もの) | 証 (しょう) | 明 (めい)
2026-09-19 · 1.5M,N4,2253,そのツールは無料ですか。,¿Esa herramienta es gratis?,無 (む) | 料 (りょう)
2026-09-19 · 1.5M,N4,2254,彼は会社で大事な役割を果たします。,Él cumple un papel importante en la empresa.,彼 (かれ) | 会社 (かいしゃ) | 大事 (だいじ) | 役割 (やくわり) | 果たします (はたします)
2026-09-19 · 1.5M,N4,2255,それはニュースではなく、広告コンテンツです。,"Eso no es una noticia, sino contenido publicitario.",広告 (こうこく)
2026-09-19 · 1.5M,N4,2256,この本は面白いですが、著者があとがきで理由を説明しています。,"Este libro es interesante, pero el autor explica el motivo en el posfacio.",本 (ほん) | 面白い (おもしろい) | 著者 (ちょしゃ) | 理由 (りゆう) | 説明しています (せつめいしています)
2026-09-19 · 1.5M,N4,2257,この機能がコアです。,Esta función es el núcleo.,機能 (きのう)
2026-09-19 · 1.5M,N4,2258,古い棚を分解して、部屋を広くしました。,Desmonté una estantería vieja y la habitación quedó más amplia.,古 (ふる) | 棚 (たな) | 分 (ぶん) | 解 (かい) | 部 (ぶ) | 屋 (や) | 広 (ひろ)
2026-09-19 · 1.5M,N4,2259,この機械を置く敷地はもう決まりましたか。,¿Ya se ha decidido el terreno donde colocar esta máquina?,機 (き) | 械 (かい) | 置 (お) | 敷 (し) | 地 (ち) | 決 (き)
2026-09-19 · 1.5M,N4,2260,この店では、居住証明を見せると地域限定の配達料が安くなります。,"En esta tienda, si enseñas un justificante de residencia, el envío de la zona sale más barato.",店 (みせ) | 居 (きょ) | 住 (じゅう) | 証 (しょう) | 明 (めい) | 見 (み) | 地 (ち) | 域 (いき) | 限 (げん) | 定 (てい) | 配 (はい) | 達 (たつ) | 料 (りょう) | 安 (やす)
2026-09-19 · 1.5M,N4,2261,その料金は膨大じゃないよ。,Esa tarifa no es enorme.,料 (りょう) | 金 (きん) | 膨 (ぼう) | 大 (だい)
2026-09-19 · 1.5M,N4,2262,荷物を減らしたので、適切な服を一枚だけ持って行きました。,"Como reduje el equipaje, llevé solo una prenda adecuada.",荷物 (にもつ) | 減ら (へら) | 適切 (てきせつ) | 服 (ふく) | 一枚 (いちまい) | 持 (も) | 行 (い)
2026-09-19 · 1.5M,N4,2263,健康目標を遂行するには、無理のない計画が必要です。,"Para llevar a cabo un objetivo de salud, hace falta un plan razonable.",健康 (けんこう) | 目標 (もくひょう) | 遂行 (すいこう) | 無理 (むり) | 計画 (けいかく) | 必要 (ひつよう)
2026-09-19 · 1.5M,N4,2264,授業のあと、資料を借りた研究室を訪問して質問しました。,"Después de clase, visité el laboratorio donde había pedido prestado material y pregunté.",授業 (じゅぎょう) | 資料 (しりょう) | 借 (か) | 研究室 (けんきゅうしつ) | 訪問 (ほうもん) | 質問 (しつもん)
2026-09-19 · 1.5M,N4,2265,皆さん、明日の会議は何時ですか。,"Todos, ¿a qué hora es la reunión de mañana?",皆さん (みなさん) | 明日 (あした) | 会議 (かいぎ) | 何時 (なんじ)
2026-09-19 · 1.5M,N4,2266,彼は会議で指揮をとります。,Él dirige la reunión.,彼 (かれ) | 会議 (かいぎ) | 指揮 (しき)
2026-09-19 · 1.5M,N4,2267,この商品は大量生産ではありません。,Este producto no es de producción en masa.,商品 (しょうひん) | 大量生産 (たいりょうせいさん)
2026-09-19 · 1.5M,N4,2269,神経が過敏です。,Tengo los nervios a flor de piel.,神経 (しんけい) | 過敏 (かびん)
2026-09-19 · 1.5M,N4,2270,この新しい建設プロジェクトは来月始まります。,Este nuevo proyecto de construcción empezará el mes que viene.,新 (あたら) | 建 (けん) | 設 (せつ) | 来 (らい) | 月 (つき) | 始 (はじ)
2026-09-19 · 1.5M,N4,2271,駅前の信号は今、青ですか、赤ですか。,¿El semáforo frente a la estación está ahora en verde o en rojo?,駅 (えき) | 前 (まえ) | 信 (しん) | 号 (ごう) | 今 (いま) | 青 (あお) | 赤 (あか)
2026-09-19 · 1.5M,N4,2272,この地区の祭りに参加して、近所の人たちに挨拶しました。,Participé en el festival de este distrito y saludé a los vecinos.,地 (ち) | 区 (く) | 祭 (まつ) | 参 (さん) | 加 (か) | 近 (ちか) | 所 (しょ) | 人 (ひと) | 挨 (あい) | 拶 (さつ)
2026-09-19 · 1.5M,N4,2273,暴力は絶対にだめです。,La violencia es absolutamente inaceptable.,暴 (ぼう) | 力 (りょく) | 絶 (ぜつ) | 対 (たい)
2026-09-19 · 1.5M,N4,2274,うちでは宗教によって食べ物が違います。,"En casa, la comida cambia según la religión.",宗教 (しゅうきょう) | 食べ物 (たべもの) | 違います (ちがいます)
2026-09-19 · 1.5M,N4,2275,この料理は集団で食べるのに向いています。,Este plato es adecuado para comerlo en grupo.,料理 (りょうり) | 集団 (しゅうだん) | 食べる (たべる) | 向 (む)
2026-09-19 · 1.5M,N4,2276,セール前に緊張して、店員にうまく聞けませんでした。,"Antes de las rebajas, me puse nervioso y no pude preguntar bien al dependiente.",緊張 (きんちょう) | 店員 (てんいん) | 聞けませんでした (きけませんでした) | 前 (まえ)
2026-09-19 · 1.5M,N4,2277,価格はいくらですか。,¿Cuál es el precio?,価格 (かかく)
2026-09-19 · 1.5M,N4,2278,海外旅行のビザを取得しました。,He obtenido el visado para viajar al extranjero.,海外 (かいがい) | 旅行 (りょこう) | 取得 (しゅとく)
2026-09-19 · 1.5M,N4,2279,熱がないので、自宅でゆっくり休んでいます。,"No tengo fiebre, así que estoy descansando tranquilamente en casa.",熱 (ねつ) | 自宅 (じたく) | 休 (やす)
2026-09-19 · 1.5M,N4,2280,返事が遅れたので、勉強に集中できませんでした。,"Como la respuesta se retrasó, no pude concentrarme en el estudio.",返事 (へんじ) | 遅 (おく) | 勉強 (べんきょう) | 集中 (しゅうちゅう)
2026-09-19 · 1.5M,N4,2281,私はその案を支持します。,Yo apoyo esa propuesta.,私 (わたし) | 案 (あん) | 支持 (しじ)
2026-09-19 · 1.5M,N4,2282,買い物をしました。その後、喫茶店で休みました。,"Hice unas compras; después de eso, descansé en una cafetería.",買 (か) | 物 (もの) | 後 (ご) | 喫 (きつ) | 茶 (ちゃ) | 店 (てん) | 休 (やす)
2026-09-19 · 1.5M,N4,2283,休みの日に化学の本を読むことがあるの？,¿Lees a veces libros de química en tu tiempo libre?,休 (やす) | 日 (ひ) | 化 (か) | 学 (がく) | 本 (ほん) | 読 (よ)
2026-09-19 · 1.5M,N4,2284,本日は自然公園の清掃にご協力いただき、ありがとうございます。,"Hoy, gracias por colaborar en la limpieza del parque natural.",本 (ほん) | 日 (じつ) | 自 (じ) | 然 (ぜん) | 公 (こう) | 園 (えん) | 清 (せい) | 掃 (そう) | 協 (きょう) | 力 (りょく)
2026-09-19 · 1.5M,N4,2285,いいえ、具合は悪くないです。,"No, no me encuentro mal.",具 (ぐ) | 合 (あ) | 悪 (わる)
2026-09-19 · 1.5M,N4,2286,その発表は見事だったので、予定より早く終わりました。,"La presentación fue espléndida, así que terminó antes de lo previsto.",発表 (はっぴょう) | 見事 (みごと) | 予 (よ) | 定 (てい) | 早 (はや) | 終 (お)
2026-09-19 · 1.5M,N4,2287,私はその案に同意します。,Estoy de acuerdo con esa propuesta.,私 (わたし) | 案 (あん) | 同意 (どうい)
2026-09-19 · 1.5M,N4,2288,彼の冗談は少し変だったけど、私は平気で笑えました。,"Su broma fue un poco rara, pero me lo tomé con calma y pude reírme.",彼 (かれ) | 冗談 (じょうだん) | 少 (すこ) | 変 (へん) | 私 (わたし) | 平気 (へいき) | 笑 (わら)
2026-09-19 · 1.5M,N4,2289,ここにいろんな味があるの？,¿Hay diferentes sabores aquí?,味 (あじ)
2026-09-19 · 1.5M,N4,2290,家で昨日撮った画像を家族に見せたよ。,En casa les enseñé la imagen que tomé ayer a mi familia.,家 (いえ) | 昨日 (きのう) | 撮った (とった) | 画像 (がぞう) | 家族 (かぞく) | 見せた (みせた)
2026-09-19 · 1.5M,N4,2291,それは国内の料理じゃなくて、海外の料理だ。,Eso no es comida nacional; es comida extranjera.,国内 (こくない) | 料理 (りょうり) | 海外 (かいがい) | 料理 (りょうり)
2026-09-19 · 1.5M,N4,2292,値札を見なかったので、値段を誤解して高いほうを買ってしまった。,"Como no vi la etiqueta, entendí mal el precio y acabé comprando la más cara.",値札 (ねふだ) | 見なかった (みなかった) | 値段 (ねだん) | 誤解 (ごかい) | 高い (たかい) | 買ってしまった (かってしまった)
2026-09-19 · 1.5M,N4,2293,駅前は駐車できません。,En la plaza de la estación no se puede aparcar.,駅前 (えきまえ) | 駐車 (ちゅうしゃ) | できません (できません)
2026-09-19 · 1.5M,N4,2294,この駅は立派で、旅行気分が高まりました。,Esta estación es espléndida y me entró el espíritu viajero.,駅 (えき) | 立派 (りっぱ) | 旅行 (りょこう) | 気分 (きぶん) | 高 (たか)
2026-09-19 · 1.5M,N4,2295,このあざは拡大していますか。,¿Este moratón se está extendiendo?,拡大 (かくだい)
2026-09-19 · 1.5M,N4,2296,研究の行方について、みんなで意見を交換しました。,Intercambiamos opiniones sobre el rumbo de la investigación.,研究 (けんきゅう) | 行方 (ゆくえ) | 意見 (いけん) | 交換 (こうかん)
2026-09-19 · 1.5M,N4,2297,資格は必要ありません。,No hace falta ninguna cualificación.,資格 (しかく) | 必要 (ひつよう)
2026-09-19 · 1.5M,N4,2298,先週けんかしたけど、今は仲直りした。,"La semana pasada discutimos, pero ahora nos hemos reconciliado.",先週 (せんしゅう) | 仲直り (なかなおり) | 今 (いま)
2026-09-19 · 1.5M,N4,2299,今日、映画の字幕を修正した。,Hoy he corregido los subtítulos de la película.,今日 (きょう) | 映画 (えいが) | 字幕 (じまく) | 修正 (しゅうせい)
2026-09-19 · 1.5M,N4,2300,この森の周辺では木材産業が昔からさかんで、今も働く人が多い。,"En los alrededores de este bosque, la industria maderera ha sido próspera desde hace tiempo y todavía trabaja mucha gente.",森 (もり) | 周辺 (しゅうへん) | 木材産業 (もくざいさんぎょう) | 昔 (むかし) | 今 (いま) | 働く (はたらく) | 人 (ひと) | 多 (おお)
2026-09-19 · 1.5M,N4,2301,三日連続ですか？,¿Son tres días seguidos?,三日 (みっか) | 連続 (れんぞく)
2026-09-19 · 1.5M,N4,2302,このゲームでは兵器の種類が多いです。,En este juego hay muchos tipos de armas.,兵器 (へいき) | 種類 (しゅるい) | 多い (おおい)
2026-09-19 · 1.5M,N4,2303,彼はその件について一言も言いませんでした。,No dijo ni una palabra sobre ese asunto.,彼 (かれ) | 件 (けん) | 一言 (ひとこと) | 言いませんでした (いいませんでした)
2026-09-19 · 1.5M,N4,2304,その文化は若い世代には人気がありますが、私の世代には少しなじみにくいです。,"Esa cultura es popular entre la generación joven, pero a la mía le resulta algo menos familiar.",文化 (ぶんか) | 若い (わかい) | 世代 (せだい) | 人気 (にんき) | 私 (わたし) | 世代 (せだい) | 少し (すこし)
2026-09-19 · 1.5M,N4,2305,駅前は交通量が多いです。,Delante de la estación hay mucho tráfico.,駅前 (えきまえ) | 交通量 (こうつうりょう) | 多い (おおい)
2026-09-19 · 1.5M,N4,2306,この家は連邦の補助で家賃が安い。,Esta vivienda tiene un alquiler barato gracias a la ayuda federal.,家 (いえ) | 連邦 (れんぽう) | 補助 (ほじょ) | 家賃 (やちん) | 安い (やすい)
2026-09-19 · 1.5M,N4,2307,食べてみて、この味の結論は何？,"Después de probarlo, ¿cuál es tu conclusión sobre el sabor?",食べて (たべて) | 味 (あじ) | 結論 (けつろん) | 何 (なに)
2026-09-19 · 1.5M,N4,2308,この店でのトラブルについて、昨日見たことを証言してください。,"Sobre el problema de esta tienda, declara lo que viste ayer.",店 (みせ) | 昨日 (きのう) | 見た (みた) | 証言して (しょうげんして)
2026-09-19 · 1.5M,N4,2309,まだバスはでないよ。,El autobús aún no sale.,
2026-09-19 · 1.5M,N4,2310,飛行機の上昇で、窓から街が小さく見えた。,"Por el ascenso del avión, la ciudad se veía pequeña desde la ventana.",飛行機 (ひこうき) | 上 (じょう) | 昇 (しょう) | 窓 (まど) | 街 (まち) | 小 (ちい) | 見 (み)
2026-09-19 · 1.5M,N4,2311,ウイルスの侵入を防ぐには手洗いが大切だ。,"Para evitar la entrada de virus, lavarse las manos es importante.",侵入 (しんにゅう) | 侵 (しん) | 入 (にゅう) | 防 (ふせ) | 手洗 (てあら) | 大切 (たいせつ)
2026-09-19 · 1.5M,N4,2312,部下の報告を整理しながら、毎日勉強しています。,"Mientras organizo los informes de mis subordinados, estudio cada día.",部下 (ぶか) | 報告 (ほうこく) | 整理 (せいり) | 毎日 (まいにち) | 勉強 (べんきょう)
2026-09-19 · 1.5M,N4,2313,あっ、もう仕事ですか？,"Ah, ¿ya está trabajando?",仕事 (しごと)
2026-09-19 · 1.5M,N4,2314,私たちは大切な関係を防衛します。,Nosotros defendemos una relación importante.,私 (わたし) | 大切 (たいせつ) | 関係 (かんけい) | 防衛 (ぼうえい)
2026-09-19 · 1.5M,N4,2315,それはメディアではなくて、雑誌です。,"Eso no es un medio, sino una revista.",雑誌 (ざっし)
2026-09-19 · 1.5M,N4,2316,この山の植物は特殊なので、普通の道では見つかりません。,"Las plantas de esta montaña son especiales, así que no se encuentran en caminos normales.",山 (やま) | 植物 (しょくぶつ) | 特殊 (とくしゅ) | 普通 (ふつう) | 道 (みち) | 見つかりません (みつかりません)
2026-09-19 · 1.5M,N4,2317,深呼吸をしました。,Respiré hondo.,深呼吸 (しんこきゅう)
2026-09-19 · 1.5M,N4,2318,この新しい機種は性能が優秀です。,Este nuevo modelo tiene un rendimiento excelente.,新しい (あたらしい) | 機種 (きしゅ) | 性能 (せいのう) | 優秀 (ゆうしゅう)
2026-09-19 · 1.5M,N4,2319,年齢を聞いてもいいですか。,¿Puedo preguntarte la edad?,年齢 (ねんれい) | 聞いて (きいて) | 私 (わたし)
2026-09-19 · 1.5M,N4,2320,その時点ではまだ準備中だったので、私は展示室の外で待っていました。,"En ese momento todavía estaba en preparación, así que esperé fuera de la sala de exposiciones.",時点 (じてん) | 準備中 (じゅんびちゅう) | 展示室 (てんじしつ) | 外 (そと) | 待って (まって) | 私 (わたし)
2026-09-19 · 1.5M,N4,2321,航空じゃなくて鉄道です。,"No es aviación, es ferrocarril.",航空 (こうくう) | 鉄道 (てつどう)
2026-09-19 · 1.5M,N4,2322,母の世話をしているので、帰りが遅いです。,"Como cuido de mi madre, vuelvo tarde.",母 (はは) | 世話 (せわ) | 帰り (かえり) | 遅い (おそい)
2026-09-19 · 1.5M,N4,2323,会議資料の作成を急いでいます。,Estoy preparando deprisa los materiales de la reunión.,会議 (かいぎ) | 資料 (しりょう) | 作成 (さくせい) | 急いでいます (いそいでいます)
2026-09-19 · 1.5M,N4,2324,この店では顧客の要望に合わせて商品を並べています。,En esta tienda colocan los productos según lo que piden los clientes.,店 (みせ) | 顧客 (こきゃく) | 要望 (ようぼう) | 合わせて (あわせて) | 商品 (しょうひん) | 並べています (ならべています)
2026-09-19 · 1.5M,N4,2325,その事故で財産も失いましたか。,¿También perdiste tus bienes en ese accidente?,事故 (じこ) | 財産 (ざいさん) | 失いました (うしないました)
2026-09-19 · 1.5M,N4,2326,この駅では列車の本数が少ないです。,En esta estación pasan pocos trenes.,駅 (えき) | 列車 (れっしゃ) | 本 (ほん) | 数 (すう) | 少 (すく)
2026-09-19 · 1.5M,N4,2327,これらは健康食品ではありません。,Estos no son alimentos saludables.,健 (けん) | 康 (こう) | 食 (しょく) | 品 (ひん)
2026-09-19 · 1.5M,N4,2328,趣味で日本語を勉強していますが、仕事が忙しいので毎日ではありません。,"Estudio japonés por afición, pero como el trabajo me ocupa, no es todos los días.",趣 (しゅ) | 味 (み) | 日 (にち) | 本 (ほん) | 語 (ご) | 勉 (べん) | 強 (きょう) | 仕 (し) | 事 (ごと) | 忙 (いそが) | 毎 (まい) | 日 (にち)
2026-09-19 · 1.5M,N4,2329,彼はすぐに賛成を示す。,Él muestra enseguida su aprobación.,彼 (かれ) | 賛 (さん) | 成 (せい) | 示 (しめ)
2026-09-19 · 1.5M,N4,2330,祖父は村で偉大な人として知られています。,A mi abuelo se le conoce en el pueblo como una gran persona.,祖父 (そふ) | 村 (むら) | 偉大 (いだい) | 人 (ひと) | 知られています (しられています)
2026-09-19 · 1.5M,N4,2331,あなたは歌うのが得意ですか。,¿Eres bueno cantando?,歌う (うたう) | 得意 (とくい)
2026-09-19 · 1.5M,N4,2332,その件はみんなで相談して判断してください。,"Sobre ese asunto, consultadlo entre todos y tomad una decisión.",件 (けん) | 相談 (そうだん) | 判断 (はんだん)
2026-09-19 · 1.5M,N4,2333,先日は失礼しました。,Perdón por el otro día.,先日 (せんじつ) | 失礼 (しつれい)
2026-09-19 · 1.5M,N4,2334,知り合いが来たので、仕事を少し早く終えました。,"Como vino un conocido, terminé el trabajo un poco antes.",知り合い (しりあい) | 来た (きた) | 仕事 (しごと) | 少し (すこし) | 早く (はやく) | 終えました (おえました)
2026-09-19 · 1.5M,N4,2335,この業界は変化がとても速いです。,"En este sector, los cambios van muy rápido.",業界 (ぎょうかい) | 変化 (へんか) | 速い (はやい)
2026-09-19 · 1.5M,N4,2336,その祭りは公式に今年で百周年です。,"Oficialmente, ese festival cumple cien años este año.",祭り (まつり) | 公式 (こうしき) | 今年 (ことし) | 百 (ひゃく) | 周年 (しゅうねん)
2026-09-19 · 1.5M,N4,2337,まだ説得できますか。,¿Todavía puedes convencerle?,説得できます (せっとくできます)
2026-09-19 · 1.5M,N4,2338,家のテレビで殺害事件のニュースを見た。,En casa vi una noticia de asesinato por televisión.,家 (いえ) | 殺害事件 (さつがいじけん) | 見た (みた)
2026-09-19 · 1.5M,N4,2339,このケーキは甘くない。しかも硬い。,"Este pastel no es dulce; además, está duro.",甘くない (あまくない) | 硬い (かたい)
2026-09-19 · 1.5M,N4,2340,駅に近いアパートは高かったので、少し古いほうを買いました。,"Como el apartamento cerca de la estación era caro, compré uno un poco más viejo.",駅 (えき) | 近い (ちかい) | 高かった (たかかった) | 少し (すこし) | 古い (ふるい) | 買いました (かいました)
2026-09-19 · 1.5M,N4,2341,満員電車では心理的に乱れます。,"En un tren lleno, el ánimo se altera.",満員電車 (まんいんでんしゃ) | 心理的 (しんりてき) | 乱れます (みだれます)
2026-09-19 · 1.5M,N4,2342,家族と英国への旅行を楽しみました。,Disfruté mucho el viaje al Reino Unido con mi familia.,家 (か) | 族 (ぞく) | 英 (えい) | 国 (こく) | 旅 (たび) | 行 (こう) | 楽 (たの)
2026-09-19 · 1.5M,N4,2343,この体温計は自動ですか。,¿Este termómetro es automático?,体 (たい) | 温 (おん) | 計 (けい) | 自 (じ) | 動 (どう)
2026-09-19 · 1.5M,N4,2344,試験の前に、幸運を願って友だちにお守りを渡しました。,"Antes del examen, le deseé suerte y le di un amuleto a un amigo.",試 (し) | 験 (けん) | 前 (まえ) | 幸 (こう) | 運 (うん) | 願 (ねが) | 友 (とも) | 守 (まも) | 渡 (わた)
2026-09-19 · 1.5M,N4,2345,それは名誉ではありません。,Eso no es un honor.,名 (めい) | 誉 (よ)
2026-09-19 · 1.5M,N4,2346,結婚の件はまだ申し上げられませんが、気持ちは伝えたいです。,"Sobre el asunto del matrimonio, todavía no puedo decir nada, pero quiero transmitir lo que siento.",結婚 (けっこん) | 件 (けん) | 申し上げられません (もうしあげられません) | 気持ち (きもち) | 伝えたい (つたえたい)
2026-09-19 · 1.5M,N4,2347,ここのもつ煮は、寒い日の楽しみです。,Aquí el guiso de casquería es un placer en días fríos.,煮 (に) | 寒い (さむい) | 日 (ひ) | 楽しみ (たのしみ)
2026-09-19 · 1.5M,N4,2348,この森には、写真の才能を伸ばしたくなります。,En este bosque dan ganas de desarrollar el talento para la fotografía.,森 (もり) | 写真 (しゃしん) | 才能 (さいのう) | 伸ばしたく (のばしたく)
2026-09-19 · 1.5M,N4,2349,救助の要請はできますか。,¿Se puede solicitar rescate?,救助 (きゅうじょ) | 要請 (ようせい)
